"id","num_words","score","dates","homicides_gov","homicides_open","nnet_score"
20190103,3118,0.218147618,2019-01-03,83,74,0.314186361030392
20190104,2143,0.465520899,2019-01-04,63,79,0.227593033145303
20190107,2272,0.571207492,2019-01-07,98,103,0.318560643662577
20190108,1830,0.458009118,2019-01-08,89,74,0.174930365953756
20190109,1633,0.407554091,2019-01-09,70,78,0.251114736102197
20190110,3101,0.261683105,2019-01-10,75,60,0.259970495461122
20190111,2613,0,2019-01-11,67,74,0
20190114,4020,0.3095754,2019-01-14,64,79,0.516531220195086
20190115,2622,0.468121134,2019-01-15,55,77,0.334151569507692
20190116,3331,0.160110078,2019-01-16,70,77,0.398869578255259
20190117,2392,0.207024116,2019-01-17,64,77,0.307683996622977
20190119,3465,0.193029663,2019-01-19,76,75,0.283731314669485
20190120,2491,0.189584562,2019-01-20,84,66,0.498498941504437
20190121,3494,0.108206888,2019-01-21,77,86,0.18155999765124
20190122,4092,0.23998959,2019-01-22,80,77,0.401801997526832
20190123,2817,0.153207718,2019-01-23,63,63,0.389218174400537
20190124,1473,0.082700839,2019-01-24,58,68,0.23779457765105
20190125,2853,0.288060077,2019-01-25,81,81,0.412855441401834
20190128,3236,0.60247598,2019-01-28,83,73,0.431567360020202
20190129,2784,0.506456444,2019-01-29,54,68,0.509995375988276
20190130,3439,0.591537542,2019-01-30,81,76,0.436440667872843
20190131,3122,0.663057794,2019-01-31,66,74,0.22865772013431
20190201,2299,0.61315862,2019-02-01,79,81,0.253747217486734
20190204,2497,0.093526018,2019-02-04,86,72,0.439440927790559
20190205,2650,0.477622084,2019-02-05,84,105,0.506749656278154
20190206,3631,0.75308797,2019-02-06,75,77,0.451690657760786
20190207,3057,0.557087063,2019-02-07,107,101,0.250699586589699
20190208,5215,0.101756256,2019-02-08,63,86,0.576723200588123
20190211,2621,0.244823764,2019-02-11,104,90,0.624591090614381
20190212,2732,0.326260469,2019-02-12,87,119,0.478865564828334
20190213,3028,0.626379323,2019-02-13,58,77,0.476478572604449
20190214,2939,0.344384729,2019-02-14,86,81,0.441198147366876
20190215,4388,0.189996393,2019-02-15,69,67,0.623894828259945
20190218,1594,0.291004948,2019-02-18,90,80,0.317438218703736
20190219,2747,0.618779056,2019-02-19,87,80,0.427253047344477
20190220,2551,0.406307497,2019-02-20,85,70,0.290104341325553
20190221,4867,0.735596596,2019-02-21,89,96,0.550929129667904
20190222,3286,0.19723546,2019-02-22,78,78,0.285785447203595
20190225,2714,0.576133604,2019-02-25,61,74,0.443339856007825
20190226,2814,0.625848052,2019-02-26,91,79,0.348429441115131
20190227,2233,0,2019-02-27,69,74,0
20190228,3000,0.101979087,2019-02-28,87,97,0.256742837221726
20190301,3021,0.344795062,2019-03-01,63,61,0.401018687693969
20190304,3038,0.284978496,2019-03-04,79,88,0.374939774164687
20190305,2169,0.609348208,2019-03-05,72,78,0.375291106480619
20190307,2191,0.265554662,2019-03-07,86,75,0.29540953859039
20190311,352,0.09068011,2019-03-11,91,71,0.134643139505516
20190312,2786,0.531691285,2019-03-12,83,79,0.433561052705931
20190313,2607,0.318367313,2019-03-13,61,65,0.345006102258744
20190314,3885,0.169953256,2019-03-14,94,76,0.566086962002775
20190315,2125,0.540543343,2019-03-15,94,80,0.380139803743881
20190318,5225,0.176643019,2019-03-18,55,59,0.682689291342445
20190319,3031,0.095052719,2019-03-19,79,67,0.497186415895172
20190320,2224,0.340026158,2019-03-20,74,75,0.307202944768512
20190321,3756,0.17000189,2019-03-21,69,71,0.369297400078048
20190322,3313,0.304749257,2019-03-22,67,72,0.500335102923538
20190325,3409,0.05087607,2019-03-25,57,80,0.0508760697386713
20190326,2147,0.256932791,2019-03-26,69,75,0.259706269360107
20190327,3610,0.530606539,2019-03-27,67,73,0.191000082298465
20190328,2740,0.59647358,2019-03-28,60,65,0.398494310819584
20190329,3263,0.352351923,2019-03-29,86,75,0.458827434998491
20190401,2206,0.166617273,2019-04-01,69,71,0.468840127004229
20190402,3628,0.176987788,2019-04-02,62,84,0.393312283974627
20190403,4135,0.478476935,2019-04-03,67,72,0.379418549012879
20190404,2441,0.326561582,2019-04-04,85,77,0.343702387123004
20190405,4564,0.197772928,2019-04-05,74,73,0.483204605566419
20190408,3498,0.489900624,2019-04-08,79,70,0.482906341669352
20190409,4027,0.479030673,2019-04-09,60,73,0.248360435237055
20190410,2786,0.169953256,2019-04-10,55,60,0.446845484686934
20190412,2313,0.513838446,2019-04-12,73,74,0.272212384109912
20190415,3476,0.243500872,2019-04-15,94,91,0.534383941435296
20190416,2309,0.283131997,2019-04-16,82,80,0.413803800772066
20190417,3669,0.651333168,2019-04-17,65,73,0.488288836155249
20190422,3548,0.512871761,2019-04-22,82,85,0.503720791689728
20190423,4484,0.327046745,2019-04-23,79,71,0.523661536418873
20190424,2272,0.37764456,2019-04-24,67,78,0.325233989992867
20190425,3170,0.136050774,2019-04-25,88,85,0.502952577134837
20190426,3642,0.101202503,2019-04-26,54,75,0.212401530117444
20190429,3080,0.205630461,2019-04-29,75,93,0.335743240286475
20190430,2127,0.348400074,2019-04-30,63,71,0.34840007358803
20190501,3748,0.242601131,2019-05-01,64,59,0.58369134536256
20190502,2957,0.633059248,2019-05-02,85,78,0.387865473031998
20190503,2792,0.451406549,2019-05-03,84,97,0.40863305133322
20190506,3990,0.342586247,2019-05-06,68,63,0.538418727154317
20190507,3051,0.601741304,2019-05-07,60,85,0.246416139939557
20190509,3528,0.198282174,2019-05-09,59,69,0.391423494660336
20190510,4497,0.569793587,2019-05-10,58,81,0.420568717290526
20190513,4769,0.201239791,2019-05-13,78,100,0.759744518062343
20190514,4085,0.353904357,2019-05-14,80,72,0.358185924550761
20190515,2411,0.088602219,2019-05-15,68,77,0.236919859155365
20190516,3682,0.263488341,2019-05-16,87,85,0.204664715580318
20190517,3348,0.462428305,2019-05-17,73,72,0.209679725215487
20190520,6455,0.697744452,2019-05-20,68,100,0.650446893585765
20190521,4070,0.211791801,2019-05-21,71,92,0.449515939212364
20190522,2817,0.235901251,2019-05-22,70,86,0.304638098452402
20190523,2929,0.21361391,2019-05-23,92,91,0.346275515284227
20190524,2383,0.24743607,2019-05-24,83,78,0.235760180577636
20190527,5317,0.259280224,2019-05-27,78,89,0.423340022369571
20190528,3957,0.363159936,2019-05-28,81,74,0.332510266394719
20190529,4961,0.437596837,2019-05-29,87,101,0.471866407187089
20190530,3619,0.300691094,2019-05-30,86,69,0.276766694084458
20190531,1905,0.12422242,2019-05-31,57,60,0.151587486241175
20190601,2673,0.282154739,2019-06-01,84,67,0.249875161213719
20190603,3883,0.328388756,2019-06-03,81,67,0.418816490315873
20190604,3832,0.180566881,2019-06-04,65,74,0.496212036259796
20190605,4687,0.356168297,2019-06-05,59,78,0.341020067826561
20190606,2532,0.213286381,2019-06-06,70,83,0.283159867356653
20190607,2627,0.312622385,2019-06-07,87,79,0.330927200511746
20190610,3400,0.558936382,2019-06-10,92,93,0.216495625007412
20190611,1645,0.276169491,2019-06-11,98,98,0.177143380693767
20190612,811,0.248459171,2019-06-12,89,101,0.152534391883275
20190613,604,0.151612258,2019-06-13,83,93,0.196150053703915
20190614,3261,0.217576626,2019-06-14,81,82,0.213798562851937
20190617,4038,0.271223262,2019-06-17,90,120,0.450096255735211
20190618,3098,0.164746707,2019-06-18,93,93,0.426614757905836
20190620,2334,0.242722187,2019-06-20,93,88,0.33251067755015
20190621,2562,0.151973547,2019-06-21,93,97,0.177031502364122
20190624,3305,0.537007642,2019-06-24,81,94,0.271133864677471
20190625,2686,0.300986421,2019-06-25,69,87,0.340004337702108
20190626,2755,0.419191875,2019-06-26,69,82,0.473064514113509
20190627,3063,0.485449132,2019-06-27,66,90,0.363301168006399
20190628,2819,0.23629715,2019-06-28,80,89,0.296952135031638
20190702,4027,0.481216111,2019-07-02,80,84,0.435417419477649
20190703,2848,0.404299444,2019-07-03,73,74,0.396505140843599
20190704,3077,0.615819912,2019-07-04,67,76,0.40693838611893
20190705,2308,0.092487586,2019-07-05,81,73,0.179053344512763
20190708,4975,0.352585694,2019-07-08,85,102,0.477191633595073
20190709,2756,0.176839052,2019-07-09,67,98,0.380021743398646
20190710,3135,0.136535512,2019-07-10,76,96,0.443614918991275
20190711,5505,0.245144935,2019-07-11,85,96,0.540579818837021
20190712,3310,0.485867131,2019-07-12,54,77,0.360551889111166
20190715,3877,0.283681036,2019-07-15,68,93,0.410685891664546
20190716,3492,0.171590565,2019-07-16,67,81,0.519325902397218
20190717,3308,0.470012566,2019-07-17,83,88,0.379319901077644
20190718,4774,0.365387253,2019-07-18,78,85,0.608626747533031
20190719,2243,0.108044606,2019-07-19,65,69,0.340093323484711
20190722,3057,0.639529425,2019-07-22,62,104,0.282361638455287
20190723,4107,0.582977051,2019-07-23,57,87,0.558925515439199
20190724,3842,0.103148582,2019-07-24,70,75,0.51185714651709
20190725,4170,0.123130354,2019-07-25,89,79,0.622499542936035
20190726,3954,0.248524163,2019-07-26,87,77,0.647888214601123
20190729,5790,0.711574311,2019-07-29,82,85,0.599413811577403
20190730,2228,0.37802576,2019-07-30,80,72,0.266990622029356
20190731,3475,0.333751457,2019-07-31,88,77,0.584861023827739
20190801,3469,0.33026477,2019-08-01,54,71,0.46792430764955
20190802,5006,0.462520198,2019-08-02,83,69,0.483605658321277
20190805,4648,0.426220049,2019-08-05,82,108,0.282349538738313
20190807,4402,0.246394231,2019-08-07,73,86,0.417960405971693
20190808,4565,0.204483704,2019-08-08,88,94,0.483538698722487
20190809,3469,0.776756309,2019-08-09,73,72,0.398903762892536
20190812,3936,0.17516888,2019-08-12,73,76,0.514430215941823
20190813,4827,0.676977403,2019-08-13,83,90,0.179616333771011
20190814,2608,0.262343156,2019-08-14,82,94,0.296213494299547
20190815,3033,0.183489477,2019-08-15,74,90,0.383748749909194
20190816,4698,0.2027576,2019-08-16,60,73,0.640188213159209
20190819,3645,0.186761657,2019-08-19,86,102,0.539574543807817
20190820,4272,0.584565051,2019-08-20,98,79,0.617978125395982
20190821,3467,0.255767107,2019-08-21,94,104,0.562131764227929
20190822,2839,0.317620302,2019-08-22,62,84,0.534167908624462
20190823,5077,0.479647935,2019-08-23,70,75,0.621087752658388
20190826,2463,0.43861242,2019-08-26,86,98,0.315604964740898
20190827,3962,0.358455319,2019-08-27,100,87,0.636977794079677
20190828,4245,0.224099666,2019-08-28,79,105,0.511028022221897
20190829,2456,0.105080146,2019-08-29,56,65,0.406256749150546
20190830,4280,0.185814869,2019-08-30,94,79,0.508896709939708
20190902,3326,0.467151864,2019-09-02,76,91,0.40460584262143
20190903,2789,0.685154697,2019-09-03,79,78,0.315187583241774
20190904,3230,0.191474174,2019-09-04,63,86,0.453283885056558
20190905,3700,0.240208031,2019-09-05,64,75,0.375760352300561
20190906,1658,0.316852263,2019-09-06,64,75,0.132249201691669
20190909,2127,0.157283913,2019-09-09,75,93,0.392677166306454
20190910,3159,0.111796502,2019-09-10,78,80,0.234405276590715
20190911,4701,0.481292087,2019-09-11,77,73,0.677854279681392
20190912,3022,0.204814773,2019-09-12,74,87,0.261417498264624
20190913,2576,0.308509068,2019-09-13,71,96,0.426012767618117
20190918,3905,0.254960449,2019-09-18,62,75,0.450719978524291
20190920,3648,0.49758324,2019-09-20,114,107,0.45242832934079
20190923,3540,0.542590486,2019-09-23,85,91,0.633345235845317
20190924,3585,0.245781756,2019-09-24,71,80,0.637654438446397
20190925,4231,0.151973547,2019-09-25,77,87,0.663026017792847
20190926,2627,0.200070847,2019-09-26,81,88,0.445331492916397
20190927,1434,0.290759341,2019-09-27,75,82,0.241183247294115
20190930,5012,0.172656515,2019-09-30,65,78,0.608559905407221
20191001,5042,0.229144073,2019-10-01,81,86,0.525280725243299
20191002,3399,0.18335685,2019-10-02,88,76,0.538282047341699
20191003,3910,0.175566159,2019-10-03,87,81,0.526039072067841
20191004,3462,0.420217062,2019-10-04,61,73,0.22736030448714
20191007,4630,0.176428749,2019-10-07,77,72,0.514395561412625
20191008,3367,0.204483704,2019-10-08,86,80,0.346426879219387
20191009,3280,0.276582115,2019-10-09,80,96,0.264330945649873
20191010,4132,0.277166807,2019-10-10,78,75,0.430102589428425
20191011,2331,0.132053697,2019-10-11,75,72,0.389135825841323
20191014,7241,0.548935966,2019-10-14,93,93,0.283220953306426
20191015,1878,0.157852071,2019-10-15,87,97,0.337883421778679
20191016,4375,0.253342641,2019-10-16,103,86,0.445675688748774
20191017,3042,0.312201919,2019-10-17,60,64,0.349998733291159
20191018,3185,0.657021856,2019-10-18,71,75,0.289696945029756
20191021,4947,0.170302988,2019-10-21,79,121,0.278243593761454
20191022,4273,0.625436015,2019-10-22,78,95,0.490666195594746
20191023,3916,0.464291838,2019-10-23,74,90,0.452916605783545
20191024,3330,0.223271936,2019-10-24,82,76,0.311470326988593
20191025,3786,0.329437203,2019-10-25,52,67,0.31798367511967
20191028,3921,0.218109939,2019-10-28,77,74,0.507271764939246
20191029,6029,0.223396414,2019-10-29,78,81,0.417255333143732
20191030,4984,0.107995444,2019-10-30,62,56,0.355665071865787
20191031,4353,0.267947968,2019-10-31,52,56,0.572887590307256
20191101,4394,0.202617029,2019-11-01,50,57,0.476726734275403
20191104,4559,0.315385261,2019-11-04,73,87,0.457945095443207
20191105,3594,0.238389123,2019-11-05,89,94,0.330988815089931
20191106,3437,0.595490038,2019-11-06,97,92,0.410018057771351
20191107,3527,0.184707275,2019-11-07,68,75,0.387329854978167
20191108,2800,0.325033552,2019-11-08,68,67,0.390239190809105
20191111,2174,0.284593919,2019-11-11,87,65,0.287437822144964
20191112,2237,0.189557925,2019-11-12,65,68,0.173194291513899
20191113,2825,0.170111419,2019-11-13,60,68,0.342812588033469
20191114,5234,0.573768696,2019-11-14,86,77,0.558858085948488
20191115,2778,0.205845598,2019-11-15,87,68,0.390477778432162
20191118,3566,0.27885369,2019-11-18,69,63,0.409642437916735
20191119,3732,0.250502026,2019-11-19,101,78,0.455696897545586
20191121,5387,0.566189163,2019-11-21,82,74,0.625197603611842
20191122,3395,0.207449369,2019-11-22,73,58,0.484842296385247
20191125,3739,0.105611374,2019-11-25,83,90,0.444982833110768
20191126,3868,0.184613194,2019-11-26,90,77,0.421731817268807
20191127,3934,0.2027576,2019-11-27,60,80,0.403767026805359
20191128,3489,0.178073223,2019-11-28,65,69,0.416572110290113
20191129,3301,0.516692334,2019-11-29,75,71,0.248465808500414
20191202,3650,0.552940326,2019-12-02,77,80,0.414513102627319
20191203,4040,0.465752291,2019-12-03,73,67,0.325863821376925
20191204,3667,0.107390326,2019-12-04,90,84,0.428356177366298
20191205,5872,0.143150386,2019-12-05,77,83,0.463582153877486
20191206,3264,0.245808452,2019-12-06,88,63,0.416913721716922
20191209,5285,0.535166194,2019-12-09,79,70,0.552411286260771
20191210,3066,0.242570192,2019-12-10,80,69,0.375485935418502
20191211,2943,0.221878604,2019-12-11,73,73,0.3839747972916
20191212,3694,0.22659068,2019-12-12,63,62,0.278109351513178
20191213,2875,0.292864927,2019-12-13,96,81,0.425860346426134
20191216,3496,0.199925444,2019-12-16,75,71,0.302768339760925
20191217,4208,0.138568352,2019-12-17,77,74,0.469035073415093
20191218,2522,0.040636486,2019-12-18,80,62,0.0406364858807709
20191219,4414,0.683360121,2019-12-19,94,101,0.416984381714593
20191220,4715,0.348873019,2019-12-20,65,76,0.547577684275482
20191223,4525,0.364105182,2019-12-23,93,87,0.485380733790605
20191224,2667,0.193174742,2019-12-24,61,54,0.378100472805293
20191226,1749,0.315742408,2019-12-26,86,75,0.12664045424565
20191227,3206,0.093798981,2019-12-27,67,50,0.395539043053337
20200102,3797,0.774374368,2020-01-02,59,69,0.447649469764336
20200103,2242,0.331585167,2020-01-03,74,78,0.383112163828767
20200106,4875,0.273193753,2020-01-06,68,63,0.447985090069149
20200107,4144,0.551890822,2020-01-07,77,65,0.34197101160236
20200108,3845,0.17412713,2020-01-08,71,76,0.518438452767289
20200109,3634,0.206991797,2020-01-09,93,80,0.34621851152052
20200110,3501,0.593018054,2020-01-10,82,61,0.380513602767302
20200113,5194,0.182136579,2020-01-13,86,106,0.182136578995831
20200114,4127,0.203027245,2020-01-14,62,82,0.393287849594717
20200115,5241,0.618225289,2020-01-15,82,101,0.670921141855095
20200116,5477,0.174275865,2020-01-16,86,100,0.212418622436083
20200117,3111,0.565471873,2020-01-17,75,89,0.289663406493871
20200120,3861,0.175430874,2020-01-20,66,73,0.57018300988104
20200121,3999,0.309701331,2020-01-21,93,79,0.296229940516793
20200122,4001,0.364105182,2020-01-22,86,73,0.49451866324829
20200123,5141,0.384088188,2020-01-23,70,65,0.336510015797356
20200124,3231,0.202209237,2020-01-24,86,84,0.412987011139807
20200127,3879,0.503762495,2020-01-27,79,83,0.497542535235052
20200128,3202,0,2020-01-28,87,90,0
20200129,4401,0.467989035,2020-01-29,78,84,0.722227818434653
20200130,4247,0.407752944,2020-01-30,67,66,0.316776405300783
20200131,4214,0.636631719,2020-01-31,58,67,0.450174551476603
20200203,1320,0.113313269,2020-02-03,90,89,0.221760382198769
20200204,4805,0.326561582,2020-02-04,83,77,0.408015789558058
20200205,3498,0.107579009,2020-02-05,75,93,0.285011711418629
20200206,3488,0.370989158,2020-02-06,62,70,0.379724301812441
20200207,4036,0.275718688,2020-02-07,81,70,0.356566970672296
20200210,4112,0.585169155,2020-02-10,80,83,0.551281607345394
20200211,4017,0.17000189,2020-02-11,78,74,0.308051745787911
20200212,2119,0.184834909,2020-02-12,69,78,0.283425943657108
20200213,4086,0.160127522,2020-02-13,75,61,0.482448608201483
20200214,2669,0.513403972,2020-02-14,82,76,0.299657567136961
20200217,4199,0.618779056,2020-02-17,96,83,0.469219329784746
20200218,3758,0.314159284,2020-02-18,71,73,0.374555901833202
20200219,3052,0.16006695,2020-02-19,96,97,0.350157938547756
20200220,4031,0.234145368,2020-02-20,87,90,0.454067958463793
20200221,4439,0.460296317,2020-02-21,78,80,0.451533772595551
20200224,2867,0.227450612,2020-02-24,83,96,0.47492869283842
20200225,3528,0.310557562,2020-02-25,86,82,0.227584486985984
20200226,4882,0.635699923,2020-02-26,80,70,0.467620816204859
20200227,3302,0.243767579,2020-02-27,61,73,0.482091901496701
20200228,4586,0.132838123,2020-02-28,60,58,0.250815444316553
20200302,3167,0.178420415,2020-03-02,82,93,0.36957645714283
20200303,4814,0.154346207,2020-03-03,95,68,0.354028731986232
20200304,4189,0.169873551,2020-03-04,62,65,0.41527826288472
20200305,4197,0.101787239,2020-03-05,97,92,0.379557372707388
20200306,3559,0.579751419,2020-03-06,71,63,0.426493995682053
20200309,4236,0.565966846,2020-03-09,72,85,0.475766040242237
20200310,3893,0.478476935,2020-03-10,79,81,0.265887873794722
20200311,4396,0.520702803,2020-03-11,88,80,0.316519668102264
20200312,4690,0.170856741,2020-03-12,94,73,0.210257956592933
20200313,1832,0.216926163,2020-03-13,76,68,0.117000467296204
20200316,4924,0.420469658,2020-03-16,82,78,0.278549229088037
20200317,5271,0.256780869,2020-03-17,86,89,0.253413241803646
20200318,4843,0.276744404,2020-03-18,54,69,0.305042734133161
20200319,6321,0.16848408,2020-03-19,60,60,0.285179139783849
20200320,2271,0.108903914,2020-03-20,99,81,0.22060578432744
20200323,5925,0.661114674,2020-03-23,92,78,0.422113017089989
20200324,4394,0.468218871,2020-03-24,82,63,0.162566701876728
20200325,4376,0.15970506,2020-03-25,95,72,0.398588112994381
20200326,3737,0.512080169,2020-03-26,86,77,0.437516955318658
20200327,5114,0.331824694,2020-03-27,91,63,0.409063707279122
20200330,4487,0.302878852,2020-03-30,72,72,0.38431132801201
20200331,4810,0.171772164,2020-03-31,80,71,0.381782545900863
20200401,1873,0.169032224,2020-04-01,79,70,0.292214214788831
20200402,3325,0.479066032,2020-04-02,66,66,0.329296910490679
20200403,2555,0.429631934,2020-04-03,88,87,0.368205018833927
20200404,3020,0.071706491,2020-04-04,104,67,0.329844804470954
20200406,4596,0.63999914,2020-04-06,80,79,0.594541443508604
20200407,3944,0.313549511,2020-04-07,61,66,0.259883682928655
20200408,4463,0.141728669,2020-04-08,79,80,0.436237733299318
20200409,1719,0.066626974,2020-04-09,102,0,0.182407374310753
20200410,1611,0.324567918,2020-04-10,87,53,0.228057095469988
20200413,2832,0.127233487,2020-04-13,76,76,0.267598515334337
20200414,3549,0.447333732,2020-04-14,82,80,0.254396520017282
20200415,4568,0.139566535,2020-04-15,96,81,0.559723803077055
20200416,6404,0.297607311,2020-04-16,80,71,0.522618552562983
20200417,5333,0.396009082,2020-04-17,76,64,0.492963614671127
20200420,5737,0.602573717,2020-04-20,114,104,0.510077254655568
20200421,5282,0.150893353,2020-04-21,80,81,0.327984208671943
20200422,4991,0.48488306,2020-04-22,92,90,0.554608383411946
20200423,6069,0.241569366,2020-04-23,59,67,0.516545728108157
20200424,4619,0.702821987,2020-04-24,81,61,0.401077894076057
20200427,3780,0.272384688,2020-04-27,72,78,0.505759770209375
20200428,7029,0.42054534,2020-04-28,68,69,0.367453896597676
20200429,4721,0.206991797,2020-04-29,79,77,0.453102154355982
20200430,4567,0.158729388,2020-04-30,75,66,0.417256037981614
20200501,5879,0.294219009,2020-05-01,73,58,0.554135965821536
20200504,5606,0.435247436,2020-05-04,76,78,0.450356517123139
20200505,5731,0.170302988,2020-05-05,76,67,0.387585006291452
20200506,4703,0.510791314,2020-05-06,57,73,0.497325797586337
20200507,5680,0.36420665,2020-05-07,73,73,0.456540764699811
20200508,3234,0.411479275,2020-05-08,81,67,0.276019888980233
20200511,4567,0.361631936,2020-05-11,72,76,0.4397548743305
20200512,3862,0.193892737,2020-05-12,70,73,0.36450285785872
20200513,3939,0.298897928,2020-05-13,86,68,0.163396134538495
20200514,4036,0.25673852,2020-05-14,84,80,0.332816107299017
20200515,4890,0.469934858,2020-05-15,91,85,0.425574945820414
20200518,5526,0.432781414,2020-05-18,84,75,0.493457471080448
20200519,6194,0.364304387,2020-05-19,68,80,0.398334606302821
20200520,5580,0.607292431,2020-05-20,64,65,0.471968549943489
20200521,3424,0.330252524,2020-05-21,68,69,0.470708887175373
20200522,4916,0.170892129,2020-05-22,74,70,0.410390388382518
20200525,5151,0.139479487,2020-05-25,78,80,0.621724221265834
20200526,6595,0.397430769,2020-05-26,72,76,0.508979645863823
20200527,4100,0.39548527,2020-05-27,84,85,0.306792317965756
20200528,4021,0.204171696,2020-05-28,85,79,0.441022877680219
20200529,6502,0.30001075,2020-05-29,61,88,0.306259577999944
20200601,4622,0.381575999,2020-06-01,67,87,0.310701290122841
20200602,3159,0.449695967,2020-06-02,71,73,0.223409027373013
20200603,4402,0.591525912,2020-06-03,77,73,0.248361316284408
20200604,4876,0.63853249,2020-06-04,79,74,0.547146793383619
20200605,4561,0.583924294,2020-06-05,60,69,0.261666981506607
20200608,4460,0.551121433,2020-06-08,96,102,0.42684541610272
20200609,5596,0.295265722,2020-06-09,73,76,0.434877337450566
20200610,3763,0.278985729,2020-06-10,75,81,0.432604059071644
20200611,4239,0.328135073,2020-06-11,77,78,0.392470590070538
20200612,5275,0.340893755,2020-06-12,85,77,0.605182909641577
20200615,5738,0.608365546,2020-06-15,66,79,0.587049545451351
20200616,4670,0.605598235,2020-06-16,85,87,0.319914137973734
20200617,4396,0.584886985,2020-06-17,85,77,0.497296018185823
20200618,6492,0.616406396,2020-06-18,81,82,0.53204264620076
20200619,4910,0.60543765,2020-06-19,71,60,0.392457785515682
20200622,4401,0.464399678,2020-06-22,89,102,0.526195604814135
20200623,4736,0.365268459,2020-06-23,52,62,0.337577257823685
20200624,5543,0.705194647,2020-06-24,74,70,0.430592627965886
20200625,4788,0.511248871,2020-06-25,79,90,0.458075138032436
20200626,3706,0.41700259,2020-06-26,83,84,0.44130534146143
20200629,3530,0.479522004,2020-06-29,92,77,0.340232881385347
20200630,4734,0.330385679,2020-06-30,73,69,0.381352477319862
20200701,3653,0.650498817,2020-07-01,92,110,0.36342833250761
20200702,2299,0.632659722,2020-07-02,68,66,0.269242608430593
20200703,3715,0.641619386,2020-07-03,98,74,0.430492247304191
20200706,4303,0.227798023,2020-07-06,90,74,0.300543753932352
20200707,4107,0.367509726,2020-07-07,62,68,0.374504389931326
20200710,3451,0.236122967,2020-07-10,87,73,0.26131741128538
20200713,4809,0.638637805,2020-07-13,87,87,0.468983737722687
20200714,3696,0.322597015,2020-07-14,69,70,0.307238832764004
20200715,4754,0.174712336,2020-07-15,82,76,0.530940455962782
20200716,4520,0.483830531,2020-07-16,73,88,0.450957450154035
20200717,4874,0.709739618,2020-07-17,74,73,0.533316523199496
20200720,3772,0.461665347,2020-07-20,79,90,0.386665251591931
20200721,4169,0.309196256,2020-07-21,83,89,0.262587264834539
20200722,6356,0.169448137,2020-07-22,92,94,0.479039835994658
20200723,3166,0.379234351,2020-07-23,69,93,0.396995884218941
20200724,5745,0.478601221,2020-07-24,89,82,0.442696162812088
20200728,5126,0.221090566,2020-07-28,74,81,0.320691544789335
20200729,4535,0.483896639,2020-07-29,72,67,0.454735851093479
20200730,4140,0.300120088,2020-07-30,69,60,0.431622161165528
20200731,4413,0.199499414,2020-07-31,84,69,0.27660707767243
20200803,4344,0.228219913,2020-08-03,75,78,0.278325090641561
20200804,3841,0.642562988,2020-08-04,73,76,0.286351872546517
20200805,4397,0.476658013,2020-08-05,70,71,0.346548639963502
20200806,4259,0.564796756,2020-08-06,76,65,0.422203118865905
20200807,4476,0.475766158,2020-08-07,91,79,0.389018235388009
20200810,4195,0.439891789,2020-08-10,81,74,0.510110147090062
20200811,4450,0.205220157,2020-08-11,79,73,0.345958954970474
20200812,4276,0.43138375,2020-08-12,68,73,0.480370922334816
20200813,4541,0.169037833,2020-08-13,84,64,0.280085540724837
20200814,5125,0.479010673,2020-08-14,65,70,0.390682240154432
20200817,4268,0.393277483,2020-08-17,76,95,0.479783322487188
20200818,4222,0.271458795,2020-08-18,66,80,0.280739042914432
20200819,4102,0.458562856,2020-08-19,81,102,0.490333570850932
20200820,6705,0.479946081,2020-08-20,80,80,0.581268993771594
20200821,3789,0.462520198,2020-08-21,69,74,0.406467025785342
20200824,5021,0.176612873,2020-08-24,83,109,0.553360056786433
20200825,4874,0.172282775,2020-08-25,101,102,0.42699695624735
20200826,5281,0.483699226,2020-08-26,101,84,0.452911554445391
20200827,6134,0.483425543,2020-08-27,70,85,0.603218643937422
20200828,5217,0.705337847,2020-08-28,81,76,0.431761660329674
20200831,3892,0.176641007,2020-08-31,88,92,0.440442502420881
20200902,3412,0.643330145,2020-09-02,69,77,0.36292431468549
20200903,4308,0.478476935,2020-09-03,85,78,0.415026400814886
20200904,4039,0.50278788,2020-09-04,90,73,0.522844394367674
20200907,5802,0.078742866,2020-09-07,64,93,0.526039894378703
20200908,7267,0.324742659,2020-09-08,71,74,0.353264452776183
20200909,5116,0.077778809,2020-09-09,78,66,0.475132332249828
20200910,4750,0.206699891,2020-09-10,87,76,0.571903049259082
20200911,4219,0.157892966,2020-09-11,79,79,0.453209877078948
20200914,3974,0.127603909,2020-09-14,75,78,0.420030514831128
20200915,4367,0.101437507,2020-09-15,76,71,0.338848462312118
20200917,5657,0.3145369,2020-09-17,65,75,0.683647812125475
20200918,6252,0.451324318,2020-09-18,67,59,0.478575641512871
20200921,4214,0.169953256,2020-09-21,62,85,0.497415077051391
20200922,7021,0.176023731,2020-09-22,75,72,0.409312397578488
20200923,4493,0.161031007,2020-09-23,71,71,0.50562074093715
20200924,5495,0.515217461,2020-09-24,82,70,0.636491573414077
20200925,4589,0.349722584,2020-09-25,70,77,0.388665875183499
20200928,5315,0.260316483,2020-09-28,85,80,0.443572393772395
20200929,7386,0.153792454,2020-09-29,72,61,0.569138381403425
20200930,2745,0.333438773,2020-09-30,83,69,0.210399423429499
20201001,3636,0.647150602,2020-10-01,68,72,0.469242941853793
20201002,2335,0.108940352,2020-10-02,71,56,0.290156646170046
20201005,4500,0.32218304,2020-10-05,102,100,0.428271538083968
20201006,6020,0.330532756,2020-10-06,65,72,0.444846446980601
20201007,5788,0.617160161,2020-10-07,73,83,0.45999670230824
20201008,3683,0.248254063,2020-10-08,67,78,0.46086694214655
20201009,1856,0.193583901,2020-10-09,77,71,0.309924206357935
20201012,3219,0.23754229,2020-10-12,77,117,0.470929266486479
20201013,5581,0.222432357,2020-10-13,78,68,0.243898018501375
20201014,3295,0.10549045,2020-10-14,89,80,0.36453809975282
20201015,3193,0.603627391,2020-10-15,86,79,0.348075700603102
20201016,3410,0.15008113,2020-10-16,59,59,0.361398898667615
20201019,4239,0.443317566,2020-10-19,76,82,0.353875018591466
20201020,4569,0.300209808,2020-10-20,67,65,0.189043422969787
20201021,8172,0.607583235,2020-10-21,72,72,0.513310933385206
20201022,5182,0.284055452,2020-10-22,99,86,0.491551295765068
20201023,4493,0.176489321,2020-10-23,76,69,0.343693253598783
20201026,4564,0.27938223,2020-10-26,87,83,0.540696939398413
20201027,2271,0.313754295,2020-10-27,67,60,0.201514795085658
20201028,3426,0.153984317,2020-10-28,95,128,0.286152462162401
20201029,5683,0.594161066,2020-10-29,50,60,0.307224647901628
20201030,2568,0.172151484,2020-10-30,70,84,0.271939318167127
20201103,7603,0.239750459,2020-11-03,61,77,0.496667361531569
20201104,5103,0.240177047,2020-11-04,94,64,0.421744856769624
20201105,3772,0.193562594,2020-11-05,78,85,0.232323640695085
20201106,2718,0.371851968,2020-11-06,83,69,0.278092729086461
20201107,2366,0.37601894,2020-11-07,82,64,0.261916229802629
20201109,4949,0.238389123,2020-11-09,80,77,0.486813962887163
20201110,6492,0.329434941,2020-11-10,71,79,0.384615583031074
20201111,8756,0.38476357,2020-11-11,87,93,0.502419249804124
20201112,4154,0.077417601,2020-11-12,70,64,0.428340201040973
20201113,5150,0.175566159,2020-11-13,62,70,0.613868333179018
20201114,3069,0.465575582,2020-11-14,81,70,0.338404003291026
20201116,4721,0.169845416,2020-11-16,72,67,0.507413261144057
20201117,6605,0.476658013,2020-11-17,91,82,0.471599802258222
20201118,2346,0.102806604,2020-11-18,57,72,0.22901614488143
20201119,6161,0.371259258,2020-11-19,76,73,0.295273446142673
20201120,2530,0.307434719,2020-11-20,57,72,0.267099842532821
20201123,3609,0.302375892,2020-11-23,76,105,0.411777215651844
20201124,8286,0.324742659,2020-11-24,90,77,0.491830822721772
20201125,5309,0.432113802,2020-11-25,90,80,0.432113801829543
20201126,5883,0.136557288,2020-11-26,83,68,0.480894205725711
20201127,2720,0.282329598,2020-11-27,77,63,0.233783213107482
20201130,5370,0.712758087,2020-11-30,79,76,0.552434898329818
20201202,4792,0.156117846,2020-12-02,85,71,0.474627844535786
20201203,4174,0.370989158,2020-12-03,85,62,0.374955838594748
20201204,2535,0.186526183,2020-12-04,60,71,0.354014576492102
20201207,3390,0.186505081,2020-12-07,87,100,0.445490668804749
20201208,5811,0.398817538,2020-12-08,74,65,0.281311576852332
20201209,3570,0.106851793,2020-12-09,65,78,0.437173581797144
20201210,4994,0.153123269,2020-12-10,71,72,0.523378015380839
20201211,3457,0.153574013,2020-12-11,79,68,0.301347680273263
20201214,4783,0.245272496,2020-12-14,77,72,0.293951463958491
20201215,4703,0.205908534,2020-12-15,48,68,0.342288834750652
20201216,2238,0.328228964,2020-12-16,72,62,0.33043199316315
20201217,2816,0.397964596,2020-12-17,66,70,0.33006022054864
20201218,4336,0.636770102,2020-12-18,72,63,0.284306109962256
20201221,3441,0.246404716,2020-12-21,69,79,0.297588133747163
20201222,4732,0.352350072,2020-12-22,56,69,0.43688706519811
20201223,3515,0.232393214,2020-12-23,76,72,0.410751617797043
20201224,5206,0.16848408,2020-12-24,50,58,0.33262356908425
20201228,2174,0.111563267,2020-12-28,90,64,0.338894629193389
20201229,6002,0.333862439,2020-12-29,72,70,0.526183857516102
20201230,5221,0.180610185,2020-12-30,72,62,0.46467905783135
20201231,5337,0.494551791,2020-12-31,56,61,0.331853974221841
20210104,3762,0.189648027,2021-01-04,78,81,0.472152806313141
20210105,5700,0.204566361,2021-01-05,79,81,0.344825663760952
20210106,4197,0.585263193,2021-01-06,58,62,0.320697800225538
20210107,4263,0.379834051,2021-01-07,85,80,0.530753497714582
20210108,2996,0.411051497,2021-01-08,72,65,0.279075508039931
20210111,5740,0.193948698,2021-01-11,80,88,0.548659316741902
20210112,7394,0.090643385,2021-01-12,74,73,0.29275300461313
20210113,4400,0.247199215,2021-01-13,68,82,0.451892065185568
20210114,5055,0.478047483,2021-01-14,85,69,0.468492641928403
20210115,5816,0.196487803,2021-01-15,87,75,0.436003903331964
20210118,4557,0.169845416,2021-01-18,82,82,0.489646118970021
20210119,6966,0.231924937,2021-01-19,71,79,0.43598839689856
20210120,6604,0.678199533,2021-01-20,60,63,0.392663539440736
20210121,4239,0.252964759,2021-01-21,82,98,0.520938277788784
20210122,4384,0.154676893,2021-01-22,90,75,0.345907472436843
20210208,3763,0.298859661,2021-02-08,89,76,0.394545397849187
20210209,6318,0.293254937,2021-02-09,76,92,0.600257678731628
20210210,2069,0.185753989,2021-02-10,66,44,0.250293159445991
20210211,3400,0.292050751,2021-02-11,68,87,0.350611266778863
20210212,3568,0.373178766,2021-02-12,79,74,0.441789388876894
20210214,4264,0.035360358,2021-02-14,68,65,0.221226085715968
20210215,5407,0.177612582,2021-02-15,84,72,0.296873604344285
20210216,6879,0.16848408,2021-02-16,69,74,0.384945212213889
20210217,4717,0.176601258,2021-02-17,71,88,0.736899606313394
20210218,6047,0.344979818,2021-02-18,89,93,0.726132502827955
20210219,5416,0.175398658,2021-02-19,63,75,0.175398657761223
20210222,5729,0.239750459,2021-02-22,80,85,0.487016721251218
20210223,4913,0.154756511,2021-02-23,93,78,0.349612805182519
20210224,2548,0.154503738,2021-02-24,82,78,0.326912620145342
20210225,4842,0.709897796,2021-02-25,81,71,0.598027101781057
20210226,4071,0.293505008,2021-02-26,80,96,0.563336097222307
20210301,4848,0.483896639,2021-03-01,62,78,0.509932704153268
20210302,3964,0.445808257,2021-03-02,73,71,0.219516751063259
20210303,2878,0.133395694,2021-03-03,60,64,0.47941381122755
20210304,6174,0.603807771,2021-03-04,81,71,0.769744640459185
20210305,6888,0.244109808,2021-03-05,77,77,0.668783486031968
20210308,6258,0.576095542,2021-03-08,76,82,0.487478390063928
20210309,5951,0.298571383,2021-03-09,63,76,0.45580039124126
20210310,3388,0.458388115,2021-03-10,71,75,0.48234540818826
20210311,4491,0.329337204,2021-03-11,88,88,0.342297703960667
20210312,2976,0.202601126,2021-03-12,85,74,0.37217337358257
20210315,4074,0.076960037,2021-03-15,68,62,0.500658564774886
20210316,4823,0.18816148,2021-03-16,86,89,0.28792592237825
20210317,4094,0.336535449,2021-03-17,75,71,0.529334600321624
20210318,2133,0.196770766,2021-03-18,97,85,0.370523524310278
20210319,4444,0.554146127,2021-03-19,80,64,0.438816441427106
20210322,4666,0.498939935,2021-03-22,77,83,0.324632117178129
20210323,4662,0.157859148,2021-03-23,72,127,0.316214649508829
20210324,4326,0.218681783,2021-03-24,85,72,0.218681782548393
20210325,4569,0.502828761,2021-03-25,89,74,0.379524215958689
20210326,4868,0.273740179,2021-03-26,73,76,0.712448545240838
20210329,6323,0.160634154,2021-03-29,94,78,0.545047844907512
20210330,4932,0.463435606,2021-03-30,68,82,0.453484235224516
20210331,1739,0.198634402,2021-03-31,80,76,0.288346358174863
20210405,4394,0.260629989,2021-04-05,61,65,0.583823150046494
20210406,4681,0.278852926,2021-04-06,77,76,0.31140219266
20210407,5965,0.187935873,2021-04-07,64,80,0.499546859225501
20210408,5689,0.549616252,2021-04-08,70,70,0.426595433600571
20210409,6656,0.481338371,2021-04-09,79,54,0.49881705833518
20210412,6526,0.177456108,2021-04-12,87,80,0.869895994896474
20210413,6245,0.330483916,2021-04-13,105,94,0.490978380039982
20210414,3418,0.199890085,2021-04-14,84,67,0.40967591771613
20210415,4932,0.482191783,2021-04-15,68,67,0.426105806218541
20210416,2800,0.169037833,2021-04-16,58,65,0.237272219359875
20210419,4119,0.201728625,2021-04-19,89,90,0.473157435240953
20210420,5021,0.153334882,2021-04-20,69,78,0.337372326209493
20210421,5239,0.764061474,2021-04-21,72,61,0.346078454359718
20210422,4534,0.254994898,2021-04-22,66,77,0.443213102662045
20210426,4071,0.58055282,2021-04-26,81,80,0.475166575623595
20210427,4258,0.15453807,2021-04-27,76,82,0.187310520300399
20210428,3845,0.638658421,2021-04-28,93,81,0.340312586802503
20210429,3947,0.161781072,2021-04-29,83,76,0.559883918749249
20210430,2606,0.186045247,2021-04-30,78,64,0.18604524675498
20210503,4776,0.356287532,2021-05-03,94,71,0.340138491845649
20210504,4123,0.24890924,2021-05-04,80,84,0.319227890190871
20210505,3245,0.341741499,2021-05-05,80,64,0.383068346407102
20210506,4056,0.182226158,2021-05-06,83,75,0.330316546591728
20210507,3112,0.273838386,2021-05-07,81,72,0.391177682448988
20210510,175,0,2021-05-10,65,61,0
20210511,4644,0.485410308,2021-05-11,58,68,0.472123496804548
20210512,7026,0.413021989,2021-05-12,75,62,0.600185139166272
20210513,2555,0.153442722,2021-05-13,69,71,0.364718362041142
20210514,2074,0.200698842,2021-05-14,107,69,0.292197357416153
20210517,2477,0.352604284,2021-05-17,86,73,0.256698784854101
20210518,6319,0.277791117,2021-05-18,88,65,0.530314090031645
20210519,3781,0.289794095,2021-05-19,61,66,0.313478556955638
20210520,5030,0.188186663,2021-05-20,83,63,0.407287868235422
20210521,4838,0.505332815,2021-05-21,70,65,0.406472488278928
20210524,4000,0.18443763,2021-05-24,80,60,0.474631251252216
20210525,6061,0.183458802,2021-05-25,64,60,0.414578358867894
20210526,4083,0.272191415,2021-05-26,78,67,0.482527961199698
20210527,4345,0.205507834,2021-05-27,83,72,0.316304721916499
20210528,3908,0.349992155,2021-05-28,63,67,0.381600198467141
20210531,3022,0.10530971,2021-05-31,80,70,0.400644888670548
20210601,4236,0.421482716,2021-06-01,57,66,0.327490410999111
20210602,3149,0.483226896,2021-06-02,95,70,0.303817402843548
20210603,2479,0.10101503,2021-06-03,58,62,0.223542065523241
20210604,2643,0.323955179,2021-06-04,58,58,0.308602400383224
20210607,4060,0.438159033,2021-06-07,70,62,0.540966069996357
20210608,4406,0.305394331,2021-06-08,81,64,0.357809247439322
20210609,3956,0.277354323,2021-06-09,80,94,0.400640953325707
20210610,3181,0.636356068,2021-06-10,88,72,0.411016460631205
20210611,1975,0.134629865,2021-06-11,79,57,0.293664183785086
20210614,4152,0.186900187,2021-06-14,72,83,0.560156632273093
20210615,5104,0.369998391,2021-06-15,74,71,0.367283913195133
20210616,4383,0.199960026,2021-06-16,80,63,0.416082541644573
20210617,3875,0.347883632,2021-06-17,85,47,0.359019219136756
20210618,2647,0.171079587,2021-06-18,73,74,0.257985231461732
20210621,4219,0.608824102,2021-06-21,80,74,0.186398416028722
20210622,5042,0.160945575,2021-06-22,69,72,0.496158938472686
20210623,3912,0.466986022,2021-06-23,75,50,0.575588294125121
20210624,4265,0.212420634,2021-06-24,73,71,0.514770241483398
20210625,1833,0.153792454,2021-06-25,80,71,0.291363945357178
20210629,4388,0.380431049,2021-06-29,78,61,0.339174009308867
20210630,3609,0.183962408,2021-06-30,88,77,0.469228668886682
20210702,1997,0.647974264,2021-07-02,68,71,0.328822202177151
20210705,4200,0.48563007,2021-07-05,85,103,0.641982495460821
20210706,5879,0.57067111,2021-07-06,80,103,0.495869719995105
20210707,4570,0.201271053,2021-07-07,83,92,0.65960955110581
20210708,4296,0.560305412,2021-07-08,57,65,0.518916567797246
20210709,2213,0.231467747,2021-07-09,52,59,0.291998769342899
20210712,4247,0.561269454,2021-07-12,92,65,0.445700886703056
20210713,4331,0.170764965,2021-07-13,86,74,0.381623311276021
20210714,4447,0.210469364,2021-07-14,69,78,0.643295549698498
20210715,3841,0.475101143,2021-07-15,86,91,0.32657215408009
20210716,3401,0.482450194,2021-07-16,73,75,0.584385258257389
20210719,4379,0.616599978,2021-07-19,103,74,0.616599978156617
20210720,5463,0.171820797,2021-07-20,77,74,0.415710563452347
20210721,5844,0.537007642,2021-07-21,79,81,0.509630504911361
20210722,4375,0.438893445,2021-07-22,53,65,0.663439698893091
20210723,3452,0.275535401,2021-07-23,78,73,0.434701539135498
20210726,5151,0.535164667,2021-07-26,81,71,0.494929524997006
20210727,4442,0.15302026,2021-07-27,76,68,0.310000916214093
20210728,4388,0.328135073,2021-07-28,66,73,0.559589002832122
20210729,3834,0.144668196,2021-07-29,91,86,0.361617868302957
20210730,4340,0.209101861,2021-07-30,67,68,0.427073607367018
20210802,5195,0.482378829,2021-08-02,87,70,0.642840400636196
20210803,4735,0.213400388,2021-08-03,68,62,0.545045084292474
20210804,3704,0.276792832,2021-08-04,97,78,0.466213783582915
20210805,2991,0.185671332,2021-08-05,77,72,0.4255451664199
20210806,5302,0.455576458,2021-08-06,84,74,0.704803109998288
20210809,4997,0.513394515,2021-08-09,83,72,0.3790824294479
20210810,4479,0.366100352,2021-08-10,63,73,0.366100352369026
20210811,4313,0.207697912,2021-08-11,66,64,0.600196005416953
20210812,5919,0.093980102,2021-08-12,73,70,0.538509005139703
20210813,2887,0.257696277,2021-08-13,98,75,0.299755803916765
20210816,4485,0.300191129,2021-08-16,82,73,0.644624110369579
20210817,5359,0.226638418,2021-08-17,72,76,0.441860812448937
20210818,3784,0.176023731,2021-08-18,89,79,0.567327124256155
20210819,5875,0.530052771,2021-08-19,67,72,0.609312319846257
20210820,4699,0.531871664,2021-08-20,69,72,0.398166208785513
20210823,3928,0.230460137,2021-08-23,71,71,0.572466390936271
20210824,4036,0.120679185,2021-08-24,73,80,0.303531826028357
20210825,3738,0.492927139,2021-08-25,63,62,0.482154925750649
20210826,4757,0.448398566,2021-08-26,77,75,0.551065926953502
20210827,427,0.135297112,2021-08-27,55,69,0.158920325883057
20210830,5677,0.484268764,2021-08-30,94,84,0.548429187173429
20210831,4463,0.396175659,2021-08-31,78,74,0.467295650995296
20210902,3680,0.260098512,2021-09-02,90,71,0.521351841416048
20210903,2966,0.103256415,2021-09-03,69,60,0.394762487916843
20210906,4045,0.254176288,2021-09-06,74,108,0.595671533579412
20210907,4651,0.267014029,2021-09-07,105,78,0.273897240330344
20210908,5190,0.122407249,2021-09-08,73,82,0.711086974662283
20210909,5687,0.275783886,2021-09-09,85,75,0.474266556384771
20210910,5829,0.205338555,2021-09-10,82,80,0.385959767608539
20210913,3659,0.275821448,2021-09-13,100,90,0.572005192015482
20210914,5827,0.18207635,2021-09-14,79,75,0.47995988437663
20210917,1984,0.173611967,2021-09-17,78,86,0.295596790521041
20210920,5103,0.580935429,2021-09-20,67,72,0.40401372006406
20210921,4300,0.328886959,2021-09-21,70,77,0.332773405870666
20210923,4022,0.123317775,2021-09-23,66,74,0.306001313652681
20210924,3813,0.462520198,2021-09-24,77,74,0.162502370735873
20210927,700,0.181514389,2021-09-27,79,74,0.147301881025019
20210929,4508,0.398293726,2021-09-29,86,77,0.51746630511854
20210930,2485,0.097796498,2021-09-30,67,68,0.390428439780422
20211001,4007,0.332442338,2021-10-01,80,72,0.367598916991897
20211004,5843,0.058690964,2021-10-04,70,70,0.0586909642902321
20211005,4185,0.504595965,2021-10-05,69,70,0.569141318227934
20211006,3960,0.186068611,2021-10-06,81,72,0.58567170486502
20211007,3789,0.401658005,2021-10-07,79,73,0.45966907016609
20211008,1465,0.215593946,2021-10-08,73,75,0.268947751249956
20211011,5111,0.861460107,2021-10-11,89,88,0.861460107355831
20211012,5544,0.647063026,2021-10-12,76,67,0.488151627714219
20211013,4306,0.564305484,2021-10-13,72,70,0.490666665486667
20211014,3833,0.266605957,2021-10-14,59,61,0.472235859710237
20211015,1685,0.082181938,2021-10-15,70,70,0.292368574284989
20211018,3486,0.286111082,2021-10-18,84,76,0.47422743788232
20211019,4942,0.154381596,2021-10-19,64,65,0.329802866616975
20211020,6343,0.788166753,2021-10-20,72,61,0.435073928483154
20211021,3018,0.173624771,2021-10-21,86,71,0.485316711016323
20211022,3191,0.18465939,2021-10-22,54,72,0.422196246696555
20211025,3790,0.18347701,2021-10-25,80,79,0.425616531255452
20211026,5135,0.169953256,2021-10-26,65,78,0.471859123862308
20211027,4718,0.176612873,2021-10-27,60,70,0.422340620989385
20211028,4381,0.468240927,2021-10-28,82,78,0.464101678133011
20211029,6537,0.277888855,2021-10-29,81,60,0.496354530984941
20211103,4504,0.462309598,2021-11-03,71,73,0.398374370906664
20211104,4843,0.275618043,2021-11-04,79,79,0.566646309598632
20211105,2524,0.252013933,2021-11-05,69,80,0.399338119237319
20211108,5746,0.159932943,2021-11-08,67,73,0.592947570111441
20211110,3199,0.396307581,2021-11-10,85,74,0.28296509715526
20211111,3959,0.572735756,2021-11-11,77,80,0.343254227703032
20211112,4920,0.641207467,2021-11-12,79,72,0.357003382794235
20211115,3677,0.110949434,2021-11-15,79,74,0.484766702522402
20211116,3128,0.250639382,2021-11-16,55,70,0.358205836220928
20211117,5052,0.53744376,2021-11-17,67,71,0.484109382460947
20211122,5510,0.513835039,2021-11-22,89,74,0.360023613118607
20211123,4342,0.260886873,2021-11-23,76,94,0.434224246416403
20211125,5398,0.483731971,2021-11-25,67,84,0.520903329577135
20211126,4445,0.174758576,2021-11-26,62,62,0.410252357630626
20211129,5374,0.549851374,2021-11-29,65,74,0.596979125323503
20211130,4589,0.36420665,2021-11-30,77,92,0.361011795829172
20211202,2105,0.577995844,2021-12-02,77,74,0.277932495941286
20211203,4893,0.477211751,2021-12-03,71,65,0.381183374964673
20211204,3698,0.399371276,2021-12-04,80,64,0.158822970150605
20211206,4509,0.415682194,2021-12-06,59,67,0.566035685046859
20211207,3882,0.567738045,2021-12-07,72,85,0.187953332448783
20211208,4259,0.487613866,2021-12-08,68,64,0.400194203581499
20211209,3794,0.202629452,2021-12-09,53,65,0.344950537539047
20211210,5509,0.330388939,2021-12-10,77,52,0.319645800318407
20211211,3353,0.49735405,2021-12-11,64,66,0.324485217216222
20211213,4427,0.552355134,2021-12-13,72,65,0.596539306485135
20211214,5658,0.587027226,2021-12-14,65,73,0.381141907002615
20211215,4603,0.371652136,2021-12-15,75,68,0.371652136130501
20211216,5162,0.479011554,2021-12-16,65,69,0.731596993454125
20211217,4666,0.532030664,2021-12-17,76,81,0.504624746273393
20211220,3568,0.313764075,2021-12-20,68,65,0.380977797249089
20211221,5312,0.600939081,2021-12-21,59,68,0.383274041595666
20211222,4583,0.284685938,2021-12-22,63,78,0.284685937633409
20211223,4083,0.123571543,2021-12-23,81,63,0.123571542663642
20211227,3787,0.242947119,2021-12-27,90,74,0.548677113898422
20211228,6205,0.577142227,2021-12-28,75,74,0.408345536213854
20211229,3643,0.419400889,2021-12-29,89,73,0.595632473813451
20211230,2962,0.144969293,2021-12-30,78,61,0.318106610593588
20220103,5246,0.417759997,2022-01-03,62,61,0.643168032778346
20220104,4322,0.234033445,2022-01-04,59,56,0.50927432683499
20220105,4269,0.214127047,2022-01-05,76,70,0.462119674008825
20220106,4211,0.48497416,2022-01-06,77,77,0.522859195963196
20220107,4582,0.629626981,2022-01-07,78,72,0.513907284969869
20220110,3819,0.268956239,2022-01-10,69,78,0.487146528894487
20220117,4852,0.248126928,2022-01-17,76,96,0.472580760380496
20220118,4908,0.277888855,2022-01-18,65,62,0.40751247657382
20220119,4278,0.363159936,2022-01-19,66,75,0.601147184138713
20220120,5103,0.458935011,2022-01-20,39,53,0.281253251517596
20220121,3585,0.594453398,2022-01-21,52,64,0.453789136344972
20220124,5700,0.291501624,2022-01-24,61,63,0.438692448696364
20220125,7258,0.649844786,2022-01-25,81,68,0.490565756196561
20220126,6068,0.499929351,2022-01-26,55,78,0.53661592806163
20220127,6084,0.377147708,2022-01-27,63,68,0.626191601234934
20220128,6516,0.219882577,2022-01-28,52,73,0.587756791529448
20220131,5635,0.209401021,2022-01-31,88,78,0.456335128247738
20220201,5445,0.245156536,2022-02-01,71,78,0.588582391635231
20220203,5494,0.513300831,2022-02-03,79,71,0.494217521263205
20220204,5432,0.189693401,2022-02-04,53,58,0.671301636838395
20220207,3966,0.370989158,2022-02-07,58,71,0.471252140972925
20220208,4395,0.224845017,2022-02-08,60,71,0.39062168283307
20220209,6114,0.16194643,2022-02-09,47,62,0.631688220721224
20220210,4396,0.359947491,2022-02-10,78,74,0.529992742693942
20220211,3623,0.422134911,2022-02-11,66,61,0.422134911015373
20220214,4485,0.230453823,2022-02-14,74,64,0.502419778432535
20220215,4747,0.41490279,2022-02-15,61,73,0.342785569247992
20220216,3441,0.222268159,2022-02-16,69,73,0.427423970530862
20220217,4136,0.565952397,2022-02-17,63,65,0.470781485477219
20220218,5814,0.175566159,2022-02-18,63,65,0.471166738116223
20220221,6563,0.375360533,2022-02-21,82,70,0.456249372972094
20220222,4636,0.280087097,2022-02-22,60,78,0.450355988494728
20220223,3266,0.364124007,2022-02-23,56,61,0.390149911344051
20220224,2061,0.268429695,2022-02-24,71,60,0.300470039637192
20220225,5947,0.098807816,2022-02-25,80,71,0.387971609869729
20220228,5672,0.280964239,2022-02-28,81,63,0.582622165032055
20220301,4324,0.290025429,2022-03-01,66,69,0.348747234895177
20220302,3872,0.179629006,2022-03-02,61,70,0.388917384834393
20220303,3076,0.552865026,2022-03-03,72,68,0.339034363303495
20220304,2646,0.345164544,2022-03-04,68,66,0.338494046330452
20220307,5131,0.31681476,2022-03-07,63,62,0.526429434781489
20220308,4775,0.344013749,2022-03-08,65,74,0.538847033640613
20220309,4839,0.393466027,2022-03-09,84,79,0.360011160982692
20220310,5061,0.639265874,2022-03-10,72,69,0.377509554345971
20220311,4548,0.33177935,2022-03-11,74,66,0.45354191445786
20220315,4055,0.105887736,2022-03-15,66,74,0.442600246123646
20220316,4073,0.17000189,2022-03-16,86,67,0.414701764233734
20220317,7483,0.478019319,2022-03-17,80,63,0.405798545790755
20220318,4298,0.300249132,2022-03-18,80,103,0.366999569846236
20220321,5533,0.24334218,2022-03-21,50,64,0.514091306393561
20220322,5735,0.590639578,2022-03-22,90,63,0.497816893380621
20220323,4702,0.349992155,2022-03-23,67,62,0.453680532574654
20220324,5672,0.710668183,2022-03-24,68,78,0.569477173478707
20220325,4908,0.728610302,2022-03-25,68,83,0.410772469251052
20220328,4706,0.363159936,2022-03-28,92,73,0.44930325438147
20220329,4260,0.513828049,2022-03-29,53,57,0.444368097004683
20220330,4529,0.395611847,2022-03-30,91,76,0.552904731514661
20220331,5794,0.551750325,2022-03-31,89,78,0.539268467957559
20220401,3685,0.192952982,2022-04-01,71,62,0.51741350101388
20220404,4654,0.109670234,2022-04-04,84,78,0.47991089814383
20220405,4509,0.208094192,2022-04-05,64,61,0.494313496688138
20220406,4323,0.290265749,2022-04-06,80,57,0.4954946287689
20220407,6103,0.465236408,2022-04-07,82,60,0.625903557487156
20220408,2251,0.383384026,2022-04-08,57,63,0.425567192603712
20220411,5272,0.278771341,2022-04-11,81,69,0.562161543628444
20220413,3632,0.250699818,2022-04-13,61,58,0.250699818042521
20220418,3950,0.164969362,2022-04-18,90,62,0.475119175276031
20220419,4773,0.243993862,2022-04-19,57,65,0.351709316094284
20220420,1927,0.444393207,2022-04-20,69,56,0.289337477709936
20220421,4019,0.101756256,2022-04-21,75,72,0.464244818959547
20220422,5757,0.606618136,2022-04-22,70,91,0.461484732550123
20220425,4969,0.248254063,2022-04-25,73,70,0.550053133653558
20220426,5263,0.326343111,2022-04-26,70,63,0.393959031467852
20220427,3982,0.15769429,2022-04-27,58,61,0.35110013058652
20220428,5775,0.481216111,2022-04-28,71,69,0.616508420939031
20220429,6203,0.553132159,2022-04-29,42,60,0.590218555305315
20220502,5024,0.627633406,2022-05-02,93,86,0.448107496914656
20220503,5710,0.397430769,2022-05-03,64,60,0.462634616818117
20220504,4447,0.301155201,2022-05-04,77,65,0.494245362359544
20220505,3649,0.634186871,2022-05-05,77,66,0.35372482938611
20220509,5094,0.300191129,2022-05-09,90,72,0.491882040941197
20220510,4241,0.326974646,2022-05-10,72,65,0.389065518262594
20220511,3912,0.159055625,2022-05-11,78,78,0.589579795974752
20220512,3790,0.322416636,2022-05-12,61,61,0.316183166750099
20220513,6125,0.414339301,2022-05-13,71,61,0.586366440070712
20220516,4830,0.326132188,2022-05-16,82,72,0.526374986055105
20220517,4657,0.159819714,2022-05-17,72,74,0.430911978262922
20220518,3970,0.118045859,2022-05-18,72,64,0.383215246369009
20220519,4058,0.634870388,2022-05-19,75,74,0.398679095817649
20220520,6055,0.590639578,2022-05-20,81,85,0.395081192112487
20220523,4992,0.581798092,2022-05-23,69,72,0.298958867218183
20220524,3044,0.273209994,2022-05-24,118,89,0.330401215242303
20220525,4638,0.341461414,2022-05-25,65,75,0.538083459268445
20220526,5114,0.478019319,2022-05-26,86,73,0.557003070116043
20220527,5611,0.48300358,2022-05-27,77,86,0.510938801493334
20220530,3594,0.552284122,2022-05-30,64,63,0.442324948194234
20220531,6613,0.420597058,2022-05-31,49,68,0.586496365186961
20220601,4351,0.276744404,2022-06-01,75,71,0.371742747004913
20220602,6064,0.608365546,2022-06-02,73,86,0.453565174107966
20220603,4533,1,2022-06-03,57,64,1
20220606,4861,0.274197354,2022-06-06,94,90,0.546637313067913
20220607,6398,0.17262838,2022-06-07,78,65,0.557270027463851
20220608,4511,0.228811301,2022-06-08,76,62,0.477824460540129
20220609,5668,0.608455178,2022-06-09,73,66,0.512032416203748
20220610,5476,0.547527347,2022-06-10,78,74,0.563885048459405
20220613,5007,0.262127505,2022-06-13,96,64,0.4864218968153
20220614,5437,0.396116922,2022-06-14,90,72,0.490032840021279
20220615,4655,0.555656184,2022-06-15,71,65,0.524321499622386
20220616,5451,0.531439422,2022-06-16,88,87,0.572562013942262
20220617,2257,0.327435463,2022-06-17,61,75,0.277853554098502
20220620,4955,0.694485458,2022-06-20,63,63,0.334799697308437
20220621,5408,0.396666431,2022-06-21,73,84,0.467129367991634
20220622,4237,0.433457207,2022-06-22,91,81,0.520599838132444
20220623,3445,0.536922121,2022-06-23,69,79,0.347508746631767
20220624,3667,0.583729054,2022-06-24,62,69,0.491031301617622
20220627,3495,0.305446988,2022-06-27,54,55,0.44694956574751
20220628,5382,0.239435837,2022-06-28,70,62,0.446292421895525
20220629,5020,0.176023731,2022-06-29,83,81,0.475438408100087
20220630,5401,0.686596443,2022-06-30,73,65,0.49469134852938
20220704,5375,0.583709789,2022-07-04,76,80,0.515016934742098
20220705,5721,0.177492907,2022-07-05,53,54,0.383779880248982
20220706,3673,0.30772523,2022-07-06,70,57,0.296492580732574
20220707,5140,0.198888129,2022-07-07,91,78,0.461465114562408
20220708,4017,0.284644667,2022-07-08,78,68,0.46614142022703
20220711,3755,0.275932636,2022-07-11,71,63,0.366827119511107
20220714,5561,0.538181608,2022-07-14,73,73,0.475594236008499
20220715,2127,0.159584239,2022-07-15,64,62,0.283517190794582
20220718,5145,0.362791394,2022-07-18,71,92,0.516936267031276
20220719,4524,0.14681779,2022-07-19,57,56,0.398777068283247
20220720,6857,0.7150632,2022-07-20,68,70,0.570806145305219
20220721,7385,0.394647776,2022-07-21,80,66,0.50385206774525
20220722,4858,0.691633155,2022-07-22,75,72,0.398740886605304
20220725,6030,0.554680512,2022-07-25,84,81,0.614741979733757
20220726,6030,0.616960163,2022-07-26,60,69,0.518150878911433
20220727,4827,0.258943694,2022-07-27,66,61,0.588542861977349
20220728,5253,0.472727778,2022-07-28,79,66,0.403720096349716
20220729,1616,0.208267171,2022-07-29,63,60,0.238739574357219
20220801,4684,0.334003231,2022-08-01,63,75,0.569944715940434
20220802,5183,0.264559313,2022-08-02,74,60,0.357905780860911
20220803,4324,0.387294437,2022-08-03,86,68,0.406032434494599
20220804,5660,0.158709535,2022-08-04,74,71,0.377481213989465
20220805,4813,0.310622524,2022-08-05,90,77,0.47897340502428
20220808,5927,0.247289992,2022-08-08,81,76,0.624988149287908
20220809,7691,0.309283509,2022-08-09,53,60,0.432640475695548
20220810,4593,0.176601258,2022-08-10,64,64,0.503264115478681
20220811,5699,0.603537759,2022-08-11,81,66,0.426034382646498
20220812,3674,0.370096569,2022-08-12,62,66,0.426518430061962
20220815,4935,0.637002346,2022-08-15,70,62,0.543795113045236
20220816,6263,0.365268459,2022-08-16,62,69,0.39949706017971
20220817,5712,0.550815416,2022-08-17,63,61,0.470450916510561
20220818,6059,0.301837249,2022-08-18,85,81,0.413450911939144
20220819,6718,0.515909906,2022-08-19,65,64,0.445142655100511
20220822,5139,0.505711195,2022-08-22,78,65,0.476659774676613
20220823,4863,0.294399388,2022-08-23,83,74,0.431785507344681
20220824,4206,0.490340825,2022-08-24,96,93,0.288124686660974
20220825,5323,0.472727778,2022-08-25,58,62,0.295693676361571
20220826,5206,0.138435285,2022-08-26,66,64,0.402699021204658
20220829,3951,0.10801446,2022-08-29,98,76,0.473004133001618
20220830,4871,0.29563356,2022-08-30,71,63,0.393426878866942
20220831,3735,0.503560324,2022-08-31,78,75,0.429879566975262
20220902,7300,0.671334294,2022-09-02,77,73,0.477348812442759
20220905,4605,0.185960066,2022-09-05,67,61,0.515308443942796
20220906,6945,0.298464864,2022-09-06,68,73,0.518138309302537
20220907,3303,0.169845416,2022-09-07,70,61,0.399174303166244
20220908,5435,0.608294534,2022-09-08,74,79,0.384549210797185
20220909,4468,0.162861956,2022-09-09,76,64,0.328953125813733
20220912,4777,0.584214922,2022-09-12,70,73,0.51094814059527
20220913,5115,0.639294009,2022-09-13,74,81,0.428689448211504
20220914,4014,0.651884528,2022-09-14,102,67,0.388171725091727
20220915,5349,0.653474466,2022-09-15,68,81,0.468101045748462
20220919,5439,0.400418342,2022-09-19,75,67,0.524127669204836
20220920,6631,0.661540278,2022-09-20,82,71,0.388263706435328
20220921,4705,0.17262838,2022-09-21,91,66,0.555170491622842
20220922,5167,0.442052382,2022-09-22,77,69,0.454625896383887
20220923,4862,0.113168095,2022-09-23,86,85,0.532065788377886
20220926,4399,0.176558351,2022-09-26,60,98,0.409590632332408
20220927,5349,0.549900008,2022-09-27,79,76,0.538945475998132
20220928,5048,0.481419574,2022-09-28,85,88,0.538692439198494
20220929,5624,0.465470356,2022-09-29,83,60,0.528124804833661
20220930,2957,0.262291409,2022-09-30,73,65,0.380436276177997
20221003,4618,0.507807442,2022-10-03,78,65,0.535620168343834
20221004,5699,0.190673551,2022-10-04,71,75,0.535402960803198
20221005,4696,0.365268459,2022-10-05,87,64,0.578988725750343
20221006,6432,0.561693531,2022-10-06,63,64,0.505960355323294
20221007,1629,0.226990441,2022-10-07,70,50,0.242060006882833
20221010,4009,0.579297151,2022-10-10,78,96,0.456206377861292
20221011,5550,0.109479311,2022-10-11,74,88,0.515625033624794
20221012,4792,0.603537759,2022-10-12,68,80,0.405089302671992
20221013,5524,0.378353422,2022-10-13,86,71,0.496330860179403
20221014,4735,0.693276015,2022-10-14,93,63,0.4544472199808
20221017,6565,0.588508031,2022-10-17,88,75,0.580618898298429
20221018,4758,0.420591742,2022-10-18,53,72,0.358186100760232
20221019,4934,0.176648526,2022-10-19,73,83,0.400674785544043
20221020,5932,0.792723471,2022-10-20,74,64,0.323425728406595
20221021,3598,0.290407099,2022-10-21,77,87,0.348357400809941
20221024,5591,0.240208031,2022-10-24,82,75,0.564478345746579
20221025,6325,0.364124007,2022-10-25,91,80,0.629997020959854
20221026,5018,0.171772164,2022-10-26,88,75,0.584972740632036
20221027,7396,0.753402563,2022-10-27,92,107,0.417339678743611
20221028,5973,0.672478716,2022-10-28,77,56,0.466911338140135
20221031,4963,0.627396933,2022-10-31,92,111,0.596561861297359
20221101,4853,0.21637849,2022-11-01,59,62,0.406789841535299
20221103,6209,0.240208031,2022-11-03,91,104,0.438614622846894
20221104,4921,0.365268459,2022-11-04,82,92,0.575195993107298
20221107,5656,0.582152684,2022-11-07,70,104,0.590466658239779
20221108,7460,0.685728376,2022-11-08,56,64,0.497934542570425
20221109,4134,0.256341109,2022-11-09,64,79,0.450249557974546
20221110,6643,0.671334294,2022-11-10,55,68,0.552802764967732
20221111,6764,0.477211751,2022-11-11,75,85,0.582603545564672
20221114,5748,0.54934624,2022-11-14,70,0,0.665978348734586
20221115,5026,0.400828323,2022-11-15,55,60,0.439001343898151
20221116,3254,0.29977272,2022-11-16,55,69,0.398655131329661
20221117,6443,0.483604836,2022-11-17,63,62,0.48537544750649
20221118,6039,0.148195689,2022-11-18,68,67,0.502737014215925
20221121,6021,0.489376753,2022-11-21,75,68,0.643457427465397
20221122,5245,0.595602107,2022-11-22,72,110,0.29842213317104
20221123,4963,0.512766681,2022-11-23,58,68,0.386283934297769
20221124,6216,0.732537717,2022-11-24,71,66,0.531199307674947
20221125,3582,0,2022-11-25,68,62,0
20221128,5225,0.542399534,2022-11-28,62,72,0.640705505428107
20221129,4941,0.317966524,2022-11-29,81,75,0.459136212727298
20221130,3315,0.407973382,2022-11-30,61,73,0.334230893137662
20221201,5846,0.235470874,2022-12-01,68,65,0.403509291086508
20221202,3578,0.609683828,2022-12-02,72,53,0.375537388583888
20221205,4623,0.678199533,2022-12-05,92,75,0.552511431976505
20221206,5137,0.099615406,2022-12-06,78,71,0.470897490045299
20221207,5592,0.548888683,2022-12-07,82,77,0.570787173418895
20221208,5969,0.548888683,2022-12-08,80,85,0.475868594154068
20221209,6398,0.482036425,2022-12-09,71,54,0.555421590118304
20221213,5963,0.158658346,2022-12-13,58,69,0.607662470573964
20221214,3315,0.35945801,2022-12-14,60,62,0.36441134640704
20221215,4496,0.588261279,2022-12-15,79,61,0.400633200109005
20221216,5541,0.106806801,2022-12-16,76,60,0.572641601886438
20221219,5493,0.418119699,2022-12-19,107,97,0.589991597507311
20221220,7071,0.306166539,2022-12-20,71,97,0.264099288932655
20221221,4410,0.280471909,2022-12-21,66,66,0.516949776424014
20221222,6735,0.620729108,2022-12-22,65,70,0.374927821288938
20221223,7186,0.615729105,2022-12-23,59,63,0.66100125350382
20221226,7087,0.3904554,2022-12-26,81,78,0.595076063042102
20221227,4995,0.64089076,2022-12-27,66,68,0.422769984732503
20221228,41,0.047862325,2022-12-28,68,96,0.147093483957907
20221230,4140,0.459268957,2022-12-30,84,86,0.331705635215925
20230102,6372,0.246506183,2023-01-02,93,91,0.522201464746309
20230105,2986,0.233484949,2023-01-05,77,77,0.304644970621752
20230109,5500,0.43654701,2023-01-09,72,97,0.439778016507626
20230112,7168,0.42961863,2023-01-12,66,74,0.522898901830549
20230113,2925,0.532378149,2023-01-13,59,72,0.395717425773973
20230116,6629,0.27524351,2023-01-16,85,90,0.598504923128563
20230117,6272,0.634278324,2023-01-17,66,82,0.416464681249598
20230118,5295,0.308681871,2023-01-18,57,71,0.577454352417718
20230120,6584,0.609258576,2023-01-20,59,69,0.484543562596259
20230123,6424,0.618861405,2023-01-23,70,93,0.598503278506839
20230124,5001,0.232121602,2023-01-24,62,63,0.576849718987942
20230125,6223,0.171664323,2023-01-25,74,66,0.737903412930343
20230126,6561,0.632916988,2023-01-26,62,60,0.485348898612935
20230127,3163,0.361639395,2023-01-27,79,59,0.214108720888262
20230130,6154,0.210291231,2023-01-30,88,96,0.603774349870889
20230131,3758,0.229319666,2023-01-31,67,65,0.413719044016755
20230201,3692,0.444492971,2023-02-01,82,87,0.498828688160233
20230202,4199,0.146441788,2023-02-02,67,74,0.566288075745106
20230203,4041,0.304019075,2023-02-03,65,74,0.547402355852334
20230206,4929,0.394668157,2023-02-06,57,59,0.480163817470488
20230207,6790,0.200764569,2023-02-07,69,71,0.349397242263607
20230208,5808,0.22323994,2023-02-08,81,67,0.440002624846023
20230209,1439,0.258910595,2023-02-09,84,82,0.285995988152597
20230210,4115,0.301829995,2023-02-10,92,77,0.354339800438155
20230213,5301,0.173611967,2023-02-13,50,70,0.35824172421642
20230214,5662,0.476658013,2023-02-14,76,59,0.54962048066699
20230215,4825,0.701795919,2023-02-15,65,72,0.49252784865058
20230216,5002,0.412259971,2023-02-16,61,62,0.4705104165751
20230217,5358,0.667705554,2023-02-17,64,69,0.384212004607138
20230220,7959,0.303848592,2023-02-20,72,78,0.555856005199577
20230221,3480,0.302950012,2023-02-21,78,70,0.430377241256444
20230222,3914,0.31202013,2023-02-22,69,65,0.446524665977644
20230223,4610,0.177563949,2023-02-23,63,67,0.527856907702011
20230224,3306,0.157859148,2023-02-24,84,65,0.482339534539243
20230227,3725,0.19862493,2023-02-27,88,74,0.433217385501965
20230228,7595,0.331981197,2023-02-28,58,73,0.658921864278938
20230301,2824,0.430830011,2023-03-01,70,51,0.318903899711111
20230302,4166,0.200764569,2023-03-02,78,78,0.461710221935873
20230303,4561,0.186987602,2023-03-03,63,62,0.545598793185275
20230306,5307,0.246553466,2023-03-06,74,85,0.480896731394788
20230307,6013,0.251410709,2023-03-07,76,64,0.266691036561261
20230308,5139,0.556428392,2023-03-08,71,68,0.54772857831872
20230309,3341,0.408142543,2023-03-09,71,84,0.421881242899791
20230310,4399,0.531359696,2023-03-10,70,74,0.531359696373682
20230313,5841,0.655968182,2023-03-13,59,58,0.514893764322219
20230314,5100,0.224661568,2023-03-14,65,61,0.469013517123202
20230315,4363,0.708661158,2023-03-15,72,57,0.376684247922638
20230316,5903,0.186151928,2023-03-16,74,73,0.429578894882098
20230317,4445,0.593836606,2023-03-17,64,81,0.3249566362863
20230320,7917,0.553330806,2023-03-20,73,74,0.484470200720041
20230321,4912,0.276171782,2023-03-21,70,62,0.303146485284619
20230322,5653,0.577239964,2023-03-22,75,71,0.325952513477077
20230323,2769,0.207369751,2023-03-23,80,70,0.329486923036368
20230324,3766,0.257191525,2023-03-24,76,71,0.406526702059352
20230327,7853,0.145369891,2023-03-27,73,68,0.654220008241094
20230328,6733,0.4979114,2023-03-28,66,62,0.411446529212205
20230331,3762,0.318492686,2023-03-31,105,78,0.505678772589435
20230403,5519,0.387960303,2023-04-03,73,64,0.544805321939613
20230404,7384,0.505809814,2023-04-04,82,75,0.330889814735755
20230405,5920,0.293254937,2023-04-05,58,57,0.633865229992763
20230410,6713,0.368880635,2023-04-10,70,70,0.418825535735358
20230411,5640,0.38057046,2023-04-11,69,60,0.393902468227822
20230412,4762,0.486630969,2023-04-12,64,62,0.444189185655635
20230413,4048,0.485161823,2023-04-13,74,65,0.449024138580198
20230414,6230,0.339858906,2023-04-14,63,63,0.581510283273199
20230417,6301,0.74111577,2023-04-17,66,62,0.314141838770846
20230418,5483,0.586063184,2023-04-18,60,59,0.244458188408095
20230419,6197,0.607150112,2023-04-19,77,58,0.47868113224921
20230420,3197,0.368951677,2023-04-20,69,46,0.375559884659622
20230421,3286,0.471209645,2023-04-21,59,57,0.271977614358715
20230428,7659,0.364124007,2023-04-28,60,61,0.652067374612974
20230501,9370,0.304812663,2023-05-01,81,57,0.54840134607709
20230502,6342,0.572502866,2023-05-02,88,84,0.348500747214193
20230503,3621,0.29684497,2023-05-03,65,62,0.342436322077461
20230504,6184,0.459370424,2023-05-04,78,70,0.44747096957072
20230505,5649,0.537134924,2023-05-05,78,67,0.372439861038457
20230508,6557,0.387275171,2023-05-08,73,91,0.504704334217569
20230509,4747,0.153442722,2023-05-09,67,66,0.49778840618289
20230510,2298,0.143401881,2023-05-10,65,91,0.271006347757319
20230511,5535,0.432466263,2023-05-11,78,73,0.471607144319493
20230512,6382,0.509130657,2023-05-12,83,61,0.393197512872841
20230515,7579,0.418475437,2023-05-15,59,88,0.525251650680666
20230516,6722,0.451324318,2023-05-16,73,56,0.454540023635263
20230517,5196,0.181203379,2023-05-17,44,65,0.505681826886923
20230518,4238,0.300120088,2023-05-18,75,64,0.431524012490459
20230519,4522,0.136987269,2023-05-19,75,59,0.533126334444336
20230522,4412,0.382357282,2023-05-22,76,72,0.418304131912148
20230523,4351,0.230887431,2023-05-23,76,67,0.387487092562344
20230524,5448,0.522777024,2023-05-24,86,76,0.447338871204335
20230525,5608,0.177385067,2023-05-25,80,82,0.531937801565813
20230526,5278,0.154298939,2023-05-26,74,84,0.5081787738204
20230529,5939,0.368951677,2023-05-29,91,91,0.500401005265505
20230530,5242,0.530356145,2023-05-30,79,74,0.414946519188259
20230531,3685,0.412652213,2023-05-31,90,74,0.273645613206469
20230601,4449,0.53334084,2023-06-01,71,75,0.450425591235575
20230602,4005,0.681563313,2023-06-02,76,67,0.431131476526675
20230605,4462,0.247361034,2023-06-05,73,74,0.416619158218736
20230606,3218,0.317578217,2023-06-06,83,94,0.37287791778212
20230607,4125,0.132559272,2023-06-07,79,71,0.521737622683463
20230608,6914,0.693276015,2023-06-08,63,66,0.766396954202134
20230609,3821,0.293479076,2023-06-09,76,70,0.493741873165835
20230612,6586,0.247289992,2023-06-12,95,93,0.559400399962197
20230613,5971,0.617563328,2023-06-13,55,62,0.542145909874336
20230614,3706,0.617085389,2023-06-14,71,55,0.408375315614369
20230615,4165,0.643980123,2023-06-15,78,62,0.523735955551915
20230616,2988,0.586431168,2023-06-16,82,65,0.376035767702953
20230619,6335,0.36498946,2023-06-19,72,66,0.503137303396411
20230620,7240,0.655968182,2023-06-20,75,61,0.650474617209123
20230621,4424,0.181558059,2023-06-21,62,64,0.518550052098606
20230623,4641,0.273533309,2023-06-23,90,80,0.557233434630477
20230626,4118,0.509028338,2023-06-26,79,80,0.526067852948023
20230627,4796,0.144619562,2023-06-27,76,72,0.477779468388661
20230628,5157,0.327399634,2023-06-28,69,69,0.727358039695284
20230629,5174,0.230887431,2023-06-29,77,65,0.536188796305138
20230630,5619,0.566535415,2023-06-30,53,62,0.445587760222995
20230703,5142,0.245073894,2023-07-03,54,84,0.62676481064247
20230704,6183,0.294399388,2023-07-04,77,58,0.700847383595031
20230705,4143,0.381393887,2023-07-05,63,64,0.599742089820945
20230706,3978,0.446392568,2023-07-06,58,63,0.481991579571496
20230707,4633,0.335140986,2023-07-07,64,59,0.498303701411123
20230710,6688,0.806304405,2023-07-10,73,79,0.565885789523954
20230711,5763,0.491768151,2023-07-11,78,60,0.452353968944239
20230713,4786,0.248325105,2023-07-13,70,74,0.538086748511895
20230714,6335,0.679234587,2023-07-14,59,45,0.595745600293512
20230717,4440,0.504354911,2023-07-17,75,108,0.416270557149597
20230718,7157,0.67147209,2023-07-18,74,71,0.531161246429319
20230719,6390,0.281905287,2023-07-19,66,77,0.281905286793223
20230720,4313,0.448642557,2023-07-20,70,69,0.469072194876878
20230721,6085,0.299202418,2023-07-21,75,61,0.533697135655776
20230725,6123,0.476687117,2023-07-25,77,60,0.330630698709384
20230726,3814,0.654823761,2023-07-26,70,46,0.253396795586399
20230727,4821,0.620067911,2023-07-27,70,72,0.524325082548287
20230728,4861,0.266218061,2023-07-28,66,67,0.506013923002326
20230731,5229,0.67281416,2023-07-31,82,71,0.609773871185987
20230801,7293,0.548888683,2023-08-01,69,52,0.589682349886583
20230802,5623,0.638845791,2023-08-02,70,50,0.636442822127238
20230803,5172,0.48563007,2023-08-03,70,65,0.54950782407885
20230804,3585,0.269026869,2023-08-04,77,70,0.474493925338206
20230807,4397,0.554103015,2023-08-07,77,89,0.467896701499172
20230808,5868,0.648686913,2023-08-08,62,76,0.488268748275612
20230809,6169,0.169845416,2023-08-09,56,77,0.614816046447857
20230810,4885,0.177492907,2023-08-10,62,61,0.490082061200038
20230811,3676,0.276896707,2023-08-11,79,69,0.427701030554979
20230814,3302,0.13489295,2023-08-14,59,60,0.134892950254128
20230815,4530,0.41406926,2023-08-15,60,60,0.576936120364977
20230816,4017,0.230958473,2023-08-16,65,57,0.243489976104187
20230817,5036,0.610094749,2023-08-17,57,61,0.621019030964893
20230818,3446,0.263766752,2023-08-18,88,74,0.429018724975379
20230821,5390,0.267002986,2023-08-21,63,60,0.486922507920991
20230822,6603,0.599358071,2023-08-22,68,47,0.473815753822741
20230823,7053,0.516548371,2023-08-23,65,60,0.824545022210349
20230824,3922,0.382199663,2023-08-24,68,78,0.325064887637677
20230825,5998,0.495692688,2023-08-25,74,69,0.551300403022248
20230828,5931,0.401354983,2023-08-28,100,73,0.752958808826364
20230829,6356,0.161031007,2023-08-29,79,76,0.554668412104897
20230830,5191,0.73562849,2023-08-30,69,71,0.505381859631642
20230831,5101,0.199089756,2023-08-31,75,63,0.610028435134369
20230904,2657,0.307835038,2023-09-04,93,60,0.331664519672808
20230905,5768,0.447880216,2023-09-05,69,61,0.330023334032815
20230906,4282,0.177919686,2023-09-06,68,54,0.422022504158642
20230907,4024,0.150761079,2023-09-07,71,63,0.507880803605784
20230908,4500,0.111880106,2023-09-08,69,63,0.493966598977213
20230913,3717,0.591784,2023-09-13,63,65,0.42257844503807
20230914,3616,0.151759335,2023-09-14,61,63,0.531597658551258
20230918,5928,0.381293271,2023-09-18,65,61,0.456102942902109
20230921,5179,0.224661568,2023-09-21,76,56,0.3916327727748
20230926,6337,0.275932636,2023-09-26,93,65,0.695302306504353
20230927,5034,0.495584848,2023-09-27,81,74,0.49743598724189
20230928,4815,0.661326301,2023-09-28,73,83,0.628755860186141
20230929,4811,0.119987658,2023-09-29,61,67,0.426786797085534
20231002,6411,0.418788444,2023-10-02,58,60,0.524225582933944
20231003,5792,0.598154912,2023-10-03,71,63,0.480730213445166
20231004,4899,0.178420165,2023-10-04,65,65,0.515297284009664
20231005,4174,0.280703713,2023-10-05,65,75,0.361439338741095
20231006,3850,0.275558661,2023-10-06,65,61,0.334296090641747
20231009,6655,0.347613533,2023-10-09,60,62,0.476551993217157
20231010,5613,0.497133729,2023-10-10,47,56,0.422869131927905
20231011,3407,0.336535449,2023-10-11,55,50,0.330279571971168
20231013,4251,0.25381453,2023-10-13,67,68,0.513229583346325
20231017,5256,0.553753298,2023-10-17,91,61,0.46500680744648
20231018,5517,0.180480083,2023-10-18,72,80,0.697779341767663
20231019,4421,0.161937546,2023-10-19,63,63,0.613401730501133
20231020,4376,0.333930104,2023-10-20,73,70,0.502850845533868
20231023,4206,0.806903802,2023-10-23,81,97,0.806903802021956
20231024,5181,0.295536057,2023-10-24,56,68,0.448487698215505
20231026,6090,0.251126483,2023-10-26,67,57,0.5474640879035
20231027,5555,0.349272838,2023-10-27,78,58,0.465206922668478
20231030,7619,0.213501988,2023-10-30,71,65,0.494619924957338
20231031,5156,0.375979968,2023-10-31,89,69,0.424420421369698
20231101,5056,0.344055658,2023-11-01,53,56,0.410398024126239
20231103,4604,0.285751703,2023-11-03,79,80,0.429682682260223
20231106,6588,0.668705601,2023-11-06,86,66,0.369926996516145
20231108,7739,0.295453943,2023-11-08,68,63,0.553830653545649
20231109,5799,0.346748608,2023-11-09,78,76,0.39939479995033
20231110,5541,0.559698018,2023-11-10,67,60,0.502323215642701
20231113,5894,0.407938903,2023-11-13,61,58,0.38585098762875
20231114,9378,0.545114217,2023-11-14,54,56,0.500189553900905
20231115,3358,0.166072301,2023-11-15,71,63,0.360610096972922
20231121,5560,0.191265674,2023-11-21,64,58,0.36114160347244
20231122,3972,0.38476357,2023-11-22,64,53,0.397731441285299
20231123,5496,0.295207456,2023-11-23,56,59,0.262212026767109
20231124,6470,0.554768205,2023-11-24,64,58,0.409283969117248
20231127,4787,0.339682021,2023-11-27,78,63,0.4535243522473
20231128,4720,0.570675927,2023-11-28,64,62,0.39657609452372
20231129,6053,0.375897326,2023-11-29,79,56,0.574504605881546
20231130,5224,0.775662283,2023-11-30,73,62,0.555656888497912
20231201,2668,0.199855563,2023-12-01,63,58,0.306461983945059
20231204,5802,0.327081664,2023-12-04,77,60,0.492762618401776
20231205,4490,0.13636428,2023-12-05,58,75,0.48126365824886
20231206,4537,0.822328013,2023-12-06,57,53,0.391380205867083
20231207,4458,0.507835224,2023-12-07,67,62,0.32852766804721
20231208,4565,0.183629549,2023-12-08,95,62,0.3791212542679
20231211,5747,0.691007788,2023-12-11,65,58,0.46943559754154
20231213,6880,0.607065062,2023-12-13,64,56,0.436114504142948
20231214,6244,0.434254789,2023-12-14,74,58,0.526804878426635
20231215,5244,0.14593335,2023-12-15,67,64,0.373283757560927
20231218,6228,0.56066206,2023-12-18,57,67,0.548622371489587
20231219,5051,0.538805096,2023-12-19,59,62,0.484812282038772
20231220,5504,0.418708033,2023-12-20,59,40,0.376917872312276
20231221,3480,0.102671678,2023-12-21,59,57,0.255930746508681
20231222,6121,0.256431123,2023-12-22,65,52,0.326576118793177
20231226,5256,0.460452821,2023-12-26,59,45,0.396729103080604
20231229,6617,0.309669231,2023-12-29,73,56,0.480838053641112
20240102,6038,0.485666898,2024-01-02,58,58,0.580372909877611
20240103,3901,0.5762788,2024-01-03,68,59,0.357748132121304
20240104,6151,0.607131845,2024-01-04,66,53,0.648181368423545
20240105,4915,0.614954665,2024-01-05,56,65,0.307929632624854
20240108,4097,0.105199712,2024-01-08,77,72,0.328847870023354
20240109,6443,0.246506183,2024-01-09,75,55,0.680355631851632
20240110,5874,0.197733428,2024-01-10,74,56,0.292831124145052
20240111,5479,0.243131449,2024-01-11,51,56,0.712589982709159
20240112,3919,0.28192831,2024-01-12,61,54,0.493524195733278
20240115,5296,0.346166588,2024-01-15,78,80,0.580835812156615
20240117,4930,0.241698058,2024-01-17,72,53,0.654382238426934
20240118,5523,0.38981993,2024-01-18,54,56,0.669060957211515
20240119,4372,0.340063808,2024-01-19,61,56,0.415585924620214
20240122,5736,0.614801127,2024-01-22,73,57,0.488920958262423
20240124,3555,0.514760256,2024-01-24,86,57,0.501797347846238
20240125,5889,0.162559374,2024-01-25,69,58,0.425653946399689
20240126,4842,0.650250537,2024-01-26,74,58,0.459445460348026
20240129,6676,0.547924641,2024-01-29,91,67,0.699568220312181
20240131,7274,0.485559058,2024-01-31,77,49,0.880093648109747
20240201,5701,0.368787009,2024-02-01,69,52,0.576820350742858
20240202,4985,0.141759932,2024-02-02,76,60,0.586380360618882
20240206,5904,0.230887431,2024-02-06,78,68,0.678881463421428
20240208,5161,0.13150551,2024-02-08,62,45,0.573762411591799
20240212,5451,0.381943278,2024-02-12,80,67,0.499478842369888
20240213,4940,0.444185661,2024-02-13,82,69,0.519879611290019
20240214,6419,0.473282221,2024-02-14,61,61,0.622235169993794
20240215,6998,0.57878632,2024-02-15,59,56,0.406487524820411
20240216,5537,0.131661984,2024-02-16,71,49,0.62786735329939
20240219,5169,0.539876978,2024-02-19,63,67,0.495051755633043
20240220,7456,0.549147417,2024-02-20,57,52,0.5431902446695
20240222,4650,0.452685625,2024-02-22,59,99,0.438631362746591
20240223,5733,0.228960683,2024-02-23,87,61,0.719075254797935
