fecha,precio_usd
3/12/2018,20.3455
4/12/2018,20.2346
5/12/2018,20.5123
6/12/2018,20.5672
7/12/2018,20.4705
10/12/2018,20.2609
11/12/2018,20.3621
13/12/2018,20.2889
14/12/2018,20.2566
17/12/2018,20.3337
18/12/2018,20.1126
19/12/2018,20.1277
20/12/2018,20.0293
21/12/2018,19.9082
24/12/2018,19.9275
26/12/2018,19.8473
27/12/2018,19.8823
28/12/2018,19.6829
31/12/2018,19.6566
2/1/2019,19.6512
3/1/2019,19.5878
4/1/2019,19.6073
7/1/2019,19.4902
8/1/2019,19.3208
9/1/2019,19.3479
10/1/2019,19.2456
11/1/2019,19.1714
14/01/2019,19.1236
15/01/2019,19.0064
16/01/2019,19.0457
17/01/2019,18.9908
18/01/2019,19.063
21/01/2019,19.0844
22/01/2019,19.1902
23/01/2019,19.1297
24/01/2019,19.0771
25/01/2019,18.9859
28/01/2019,18.928
29/01/2019,19.0381
30/01/2019,18.9972
31/01/2019,19.1623
1/2/2019,19.0388
5/2/2019,19.1098
6/2/2019,19.0824
7/2/2019,19.1058
8/2/2019,19.08
11/2/2019,19.0893
12/2/2019,19.2524
13/02/2019,19.2592
14/02/2019,19.4084
15/02/2019,19.3569
18/02/2019,19.3625
19/02/2019,19.2578
20/02/2019,19.1778
21/02/2019,19.1835
22/02/2019,19.2652
25/02/2019,19.1394
26/02/2019,19.1185
27/02/2019,19.163
28/02/2019,19.2201
1/3/2019,19.2607
4/3/2019,19.2978
5/3/2019,19.3039
6/3/2019,19.2597
7/3/2019,19.3708
8/3/2019,19.5225
11/3/2019,19.4902
12/3/2019,19.4243
13/03/2019,19.3049
14/03/2019,19.332
15/03/2019,19.3233
19/03/2019,19.2176
20/03/2019,19.0004
21/03/2019,18.9098
22/03/2019,18.8694
25/03/2019,19.1369
26/03/2019,19.0151
27/03/2019,19.0989
28/03/2019,19.3201
29/03/2019,19.3793
1/4/2019,19.3779
2/4/2019,19.2169
3/4/2019,19.2279
4/4/2019,19.1805
5/4/2019,19.1728
8/4/2019,19.0805
9/4/2019,18.9701
10/4/2019,18.9229
11/4/2019,18.836
12/4/2019,18.8432
15/04/2019,18.7719
16/04/2019,18.8489
17/04/2019,18.9516
22/04/2019,18.848
23/04/2019,18.8359
24/04/2019,18.9578
25/04/2019,19.0046
26/04/2019,19.0942
29/04/2019,18.9414
30/04/2019,19.012
2/5/2019,19.0099
3/5/2019,19.1014
6/5/2019,19.0012
7/5/2019,18.9781
8/5/2019,19.0499
9/5/2019,19.0837
10/5/2019,19.2623
13/05/2019,19.1374
14/05/2019,19.1928
15/05/2019,19.1427
16/05/2019,19.1236
17/05/2019,19.071
20/05/2019,19.1454
21/05/2019,19.0908
22/05/2019,19.0309
23/05/2019,18.9755
24/05/2019,19.0122
27/05/2019,19.0658
28/05/2019,19.0521
29/05/2019,19.1652
30/05/2019,19.2395
31/05/2019,19.0683
3/6/2019,19.6426
4/6/2019,19.7609
5/6/2019,19.6007
6/6/2019,19.5418
7/6/2019,19.7084
10/6/2019,19.6528
11/6/2019,19.204
12/6/2019,19.1222
13/06/2019,19.1383
14/06/2019,19.1645
17/06/2019,19.1487
18/06/2019,19.1924
19/06/2019,19.1011
20/06/2019,19.1753
21/06/2019,18.9804
24/06/2019,19.0661
25/06/2019,19.1833
26/06/2019,19.2271
27/06/2019,19.1442
28/06/2019,19.1685
1/7/2019,19.2087
2/7/2019,19.076
3/7/2019,19.0694
4/7/2019,19.0502
5/7/2019,18.9947
8/7/2019,19.0446
9/7/2019,18.9116
10/7/2019,19.0043
11/7/2019,19.2425
12/7/2019,19.1227
15/07/2019,19.0307
16/07/2019,18.9803
17/07/2019,19.0781
18/07/2019,19.0233
19/07/2019,19.0108
22/07/2019,19.0123
23/07/2019,19.0659
24/07/2019,19.1315
25/07/2019,19.0894
26/07/2019,19.0623
29/07/2019,19.0699
30/07/2019,19.09
31/07/2019,19.0747
1/8/2019,18.9929
2/8/2019,19.1627
5/8/2019,19.3116
6/8/2019,19.5731
7/8/2019,19.6291
8/8/2019,19.6953
9/8/2019,19.5118
12/8/2019,19.4283
13/08/2019,19.5803
14/08/2019,19.463
15/08/2019,19.5763
16/08/2019,19.6365
19/08/2019,19.5669
20/08/2019,19.8153
21/08/2019,19.7522
22/08/2019,19.6798
23/08/2019,19.7467
26/08/2019,19.8402
27/08/2019,19.9086
28/08/2019,19.9934
29/08/2019,20.0314
30/08/2019,20.0988
2/9/2019,20.0696
3/9/2019,20.1253
4/9/2019,20.0039
5/9/2019,19.7806
6/9/2019,19.6834
9/9/2019,19.5623
10/9/2019,19.5398
11/9/2019,19.5354
12/9/2019,19.5478
13/09/2019,19.4265
17/09/2019,19.3665
18/09/2019,19.4262
19/09/2019,19.3528
20/09/2019,19.3981
23/09/2019,19.4478
24/09/2019,19.4459
25/09/2019,19.4587
26/09/2019,19.5775
27/09/2019,19.6363
30/09/2019,19.6808
1/10/2019,19.7345
2/10/2019,19.7792
3/10/2019,19.7985
4/10/2019,19.7368
7/10/2019,19.5255
8/10/2019,19.5522
9/10/2019,19.584
10/10/2019,19.5689
11/10/2019,19.4764
14/10/2019,19.3217
15/10/2019,19.2652
16/10/2019,19.252
17/10/2019,19.2135
18/10/2019,19.1602
21/10/2019,19.1492
22/10/2019,19.1422
23/10/2019,19.105
24/10/2019,19.1258
25/10/2019,19.0878
28/10/2019,19.082
29/10/2019,19.0543
30/10/2019,19.1167
31/10/2019,19.1643
1/11/2019,19.1948
4/11/2019,19.1058
5/11/2019,19.1525
6/11/2019,19.2125
7/11/2019,19.1953
8/11/2019,19.1327
11/11/2019,19.1068
12/11/2019,19.109
13/11/2019,19.2178
14/11/2019,19.4543
15/11/2019,19.4228
19/11/2019,19.2063
20/11/2019,19.3687
21/11/2019,19.48
22/11/2019,19.4138
25/11/2019,19.3987
26/11/2019,19.4468
27/11/2019,19.5185
28/11/2019,19.5607
29/11/2019,19.6113
2/12/2019,19.5352
3/12/2019,19.5717
4/12/2019,19.5678
5/12/2019,19.4707
6/12/2019,19.3688
9/12/2019,19.3247
10/12/2019,19.2302
11/12/2019,19.2362
13/12/2019,19.1785
16/12/2019,19.0455
17/12/2019,18.9702
18/12/2019,18.9165
19/12/2019,18.9542
20/12/2019,18.964
23/12/2019,18.9133
24/12/2019,18.9385
26/12/2019,18.9643
27/12/2019,18.9445
30/12/2019,18.8452
31/12/2019,18.8727
2/1/2020,18.8642
3/1/2020,18.8817
6/1/2020,18.8673
7/1/2020,18.827
8/1/2020,18.8852
9/1/2020,18.798
10/1/2020,18.8453
13/01/2020,18.7732
14/01/2020,18.8215
15/01/2020,18.812
16/01/2020,18.8077
17/01/2020,18.793
20/01/2020,18.7388
21/01/2020,18.6725
22/01/2020,18.7007
23/01/2020,18.6883
24/01/2020,18.8018
27/01/2020,18.8313
28/01/2020,18.9407
29/01/2020,18.8022
30/01/2020,18.7067
31/01/2020,18.7853
4/2/2020,18.9082
5/2/2020,18.6797
6/2/2020,18.6245
7/2/2020,18.6645
10/2/2020,18.7763
11/2/2020,18.7653
12/2/2020,18.674
13/02/2020,18.6308
14/02/2020,18.6458
17/02/2020,18.5712
18/02/2020,18.5715
19/02/2020,18.5952
20/02/2020,18.591
21/02/2020,18.7992
24/02/2020,18.9138
25/02/2020,19.1197
26/02/2020,19.0878
27/02/2020,19.1585
28/02/2020,19.3973
2/3/2020,19.776
3/3/2020,19.6985
4/3/2020,19.2837
5/3/2020,19.5335
6/3/2020,19.8095
9/3/2020,20.1623
10/3/2020,21.1117
11/3/2020,21.0267
12/3/2020,21.213
13/03/2020,22.1518
17/03/2020,21.9288
18/03/2020,23.0573
19/03/2020,23.9008
20/03/2020,24.0868
23/03/2020,24.1113
24/03/2020,25.0782
25/03/2020,25.1185
26/03/2020,24.2948
27/03/2020,23.097
30/03/2020,23.5122
31/03/2020,24.2853
1/4/2020,23.4847
2/4/2020,24.4918
3/4/2020,24.1087
6/4/2020,24.6938
7/4/2020,24.6895
8/4/2020,24.0388
13/04/2020,24.0925
14/04/2020,23.7427
15/04/2020,23.5645
16/04/2020,24.1155
17/04/2020,24.2098
20/04/2020,23.9012
21/04/2020,24.0077
22/04/2020,24.4248
23/04/2020,24.5883
24/04/2020,24.623
27/04/2020,24.8583
28/04/2020,24.8492
29/04/2020,24.3882
30/04/2020,24.0002
4/5/2020,23.9283
5/5/2020,24.3812
6/5/2020,23.8343
7/5/2020,24.2942
8/5/2020,24.0563
11/5/2020,23.6805
12/5/2020,23.8693
13/05/2020,24.0487
14/05/2020,24.2113
15/05/2020,24.2708
18/05/2020,23.958
19/05/2020,23.6032
20/05/2020,23.6023
21/05/2020,23.2962
22/05/2020,22.96
25/05/2020,22.7928
26/05/2020,22.563
27/05/2020,22.2932
28/05/2020,22.3633
29/05/2020,22.204
1/6/2020,22.1778
2/6/2020,22.0168
3/6/2020,21.6827
4/6/2020,21.6043
5/6/2020,21.8388
8/6/2020,21.5837
9/6/2020,21.6552
10/6/2020,21.7252
11/6/2020,21.923
12/6/2020,22.4252
15/06/2020,22.3347
16/06/2020,22.5435
17/06/2020,22.2168
18/06/2020,22.2783
19/06/2020,22.6088
22/06/2020,22.63
23/06/2020,22.4413
24/06/2020,22.413
25/06/2020,22.6662
26/06/2020,22.7963
29/06/2020,22.9715
30/06/2020,23.1325
1/7/2020,23.0893
2/7/2020,22.8078
3/7/2020,22.5225
6/7/2020,22.4147
7/7/2020,22.2808
8/7/2020,22.6213
9/7/2020,22.8225
10/7/2020,22.6945
13/07/2020,22.5342
14/07/2020,22.4633
15/07/2020,22.6173
16/07/2020,22.3647
17/07/2020,22.3032
20/07/2020,22.4897
21/07/2020,22.6278
22/07/2020,22.3597
23/07/2020,22.251
24/07/2020,22.3627
27/07/2020,22.3842
28/07/2020,22.0275
29/07/2020,21.9615
30/07/2020,21.9907
31/07/2020,22.1727
3/8/2020,22.2012
4/8/2020,22.614
5/8/2020,22.7845
6/8/2020,22.4068
7/8/2020,22.3652
10/8/2020,22.4892
11/8/2020,22.485
12/8/2020,22.349
13/08/2020,22.3457
14/08/2020,22.2628
17/08/2020,22.0313
18/08/2020,22.057
19/08/2020,22.1535
20/08/2020,22.0527
21/08/2020,22.176
24/08/2020,22.0362
25/08/2020,21.984
26/08/2020,21.9723
27/08/2020,21.9202
28/08/2020,22.1168
31/08/2020,21.8602
1/9/2020,21.888
2/9/2020,21.7445
3/9/2020,21.8393
4/9/2020,21.6383
7/9/2020,21.6115
8/9/2020,21.5887
9/9/2020,21.7138
10/9/2020,21.5377
11/9/2020,21.2773
14/09/2020,21.321
15/09/2020,21.0728
17/09/2020,21.0692
18/09/2020,20.985
21/09/2020,20.9697
22/09/2020,21.505
23/09/2020,21.5682
24/09/2020,22.0897
25/09/2020,22.3678
28/09/2020,22.4402
29/09/2020,22.4573
30/09/2020,22.3598
1/10/2020,22.1438
2/10/2020,21.9562
5/10/2020,21.7025
6/10/2020,21.396
7/10/2020,21.4507
8/10/2020,21.493
9/10/2020,21.4318
12/10/2020,21.1822
13/10/2020,21.2183
14/10/2020,21.3677
15/10/2020,21.2998
16/10/2020,21.3832
19/10/2020,21.1765
20/10/2020,21.1342
21/10/2020,21.0902
22/10/2020,21.064
23/10/2020,21.03
26/10/2020,20.9205
27/10/2020,20.9818
28/10/2020,20.8798
29/10/2020,21.1648
30/10/2020,21.377
3/11/2020,21.2508
4/11/2020,21.1555
5/11/2020,21.0345
6/11/2020,20.7612
9/11/2020,20.62
10/11/2020,20.36
11/11/2020,20.4018
12/11/2020,20.5772
13/11/2020,20.5303
17/11/2020,20.4833
18/11/2020,20.3212
19/11/2020,20.2388
20/11/2020,20.1858
23/11/2020,20.1172
24/11/2020,20.1012
25/11/2020,20.0577
26/11/2020,20.0465
27/11/2020,20.0467
30/11/2020,20.0777
1/12/2020,20.1398
2/12/2020,20.0508
3/12/2020,20.0497
4/12/2020,19.9083
7/12/2020,19.7838
8/12/2020,19.8213
9/12/2020,19.7537
10/12/2020,19.8368
11/12/2020,19.9572
14/12/2020,20.1075
15/12/2020,20.1778
16/12/2020,20.1113
17/12/2020,19.9513
18/12/2020,19.8173
21/12/2020,19.9487
22/12/2020,20.0905
23/12/2020,20.0562
24/12/2020,20.1175
28/12/2020,19.8517
29/12/2020,20.0477
30/12/2020,19.9487
31/12/2020,19.9352
4/1/2021,19.9087
5/1/2021,19.8457
6/1/2021,19.9437
7/1/2021,19.725
8/1/2021,19.91
11/1/2021,19.9705
12/1/2021,20.113
13/01/2021,19.9373
14/01/2021,19.7935
15/01/2021,19.7793
18/01/2021,19.7875
19/01/2021,19.757
20/01/2021,19.6788
21/01/2021,19.5793
22/01/2021,19.7393
25/01/2021,19.9833
26/01/2021,20.1598
27/01/2021,20.0152
28/01/2021,20.2168
29/01/2021,20.2697
2/2/2021,20.2248
3/2/2021,20.1722
4/2/2021,20.1953
5/2/2021,20.4435
8/2/2021,20.1388
9/2/2021,20.1227
10/2/2021,20.0913
11/2/2021,20.0588
12/2/2021,19.9535
15/02/2021,19.9622
16/02/2021,19.9518
17/02/2021,20.2023
18/02/2021,20.2257
19/02/2021,20.4165
22/02/2021,20.4222
23/02/2021,20.6783
24/02/2021,20.5833
25/02/2021,20.4752
26/02/2021,20.8523
1/3/2021,20.939
2/3/2021,20.6123
3/3/2021,20.6903
4/3/2021,20.8957
5/3/2021,20.8498
8/3/2021,21.2635
9/3/2021,21.4177
10/3/2021,21.2575
11/3/2021,20.9853
12/3/2021,20.7133
16/03/2021,20.7637
17/03/2021,20.5753
18/03/2021,20.6828
19/03/2021,20.4415
22/03/2021,20.4823
23/03/2021,20.5788
24/03/2021,20.6408
25/03/2021,20.7882
26/03/2021,20.7662
29/03/2021,20.5677
30/03/2021,20.6047
31/03/2021,20.6025
5/4/2021,20.44
6/4/2021,20.2483
7/4/2021,20.1612
8/4/2021,20.1765
9/4/2021,20.089
12/4/2021,20.163
13/04/2021,20.095
14/04/2021,20.0735
15/04/2021,20.0583
16/04/2021,19.927
19/04/2021,19.9158
20/04/2021,19.8145
21/04/2021,19.8877
22/04/2021,19.874
23/04/2021,19.8865
26/04/2021,19.8695
27/04/2021,19.8362
28/04/2021,19.9785
29/04/2021,19.9712
30/04/2021,20.0978
3/5/2021,20.1822
4/5/2021,20.1902
5/5/2021,20.2235
6/5/2021,20.2077
7/5/2021,20.1838
10/5/2021,19.9223
11/5/2021,19.886
12/5/2021,19.8848
13/05/2021,20.094
14/05/2021,20.0495
17/05/2021,19.8487
18/05/2021,19.8028
19/05/2021,19.8313
20/05/2021,19.8143
21/05/2021,19.881
24/05/2021,19.951
25/05/2021,19.872
26/05/2021,19.8903
27/05/2021,19.8783
28/05/2021,19.9487
31/05/2021,19.9442
1/6/2021,19.9213
2/6/2021,19.8927
3/6/2021,19.9277
4/6/2021,20.0605
7/6/2021,19.9328
8/6/2021,19.797
9/6/2021,19.7728
10/6/2021,19.6897
11/6/2021,19.7002
14/06/2021,19.8823
15/06/2021,19.9065
16/06/2021,20.1235
17/06/2021,20.0588
18/06/2021,20.4292
21/06/2021,20.7002
22/06/2021,20.6
23/06/2021,20.5712
24/06/2021,20.2505
25/06/2021,20.0483
28/06/2021,19.793
29/06/2021,19.8027
30/06/2021,19.8157
1/7/2021,19.9062
2/7/2021,20.0368
5/7/2021,19.8817
6/7/2021,19.8532
7/7/2021,19.9658
8/7/2021,19.9915
9/7/2021,20.007
12/7/2021,19.88
13/07/2021,19.8577
14/07/2021,19.9988
15/07/2021,19.8992
16/07/2021,19.9412
19/07/2021,19.8537
20/07/2021,20
21/07/2021,20.1348
22/07/2021,20.1907
23/07/2021,20.1812
26/07/2021,20.0238
27/07/2021,20.0245
28/07/2021,19.977
29/07/2021,19.9535
30/07/2021,19.8448
2/8/2021,19.8455
3/8/2021,19.852
4/8/2021,19.892
5/8/2021,19.9547
6/8/2021,19.9293
9/8/2021,20.0037
10/8/2021,20.0648
11/8/2021,20.1038
12/8/2021,19.953
13/08/2021,19.8907
16/08/2021,19.8603
17/08/2021,19.8863
18/08/2021,19.9912
19/08/2021,20.0107
20/08/2021,20.1175
23/08/2021,20.402
24/08/2021,20.3907
25/08/2021,20.2967
26/08/2021,20.2933
27/08/2021,20.3522
30/08/2021,20.2293
31/08/2021,20.1403
1/9/2021,20.0605
2/9/2021,19.9615
3/9/2021,19.9703
6/9/2021,19.8992
7/9/2021,19.8878
8/9/2021,19.944
9/9/2021,19.9383
10/9/2021,19.9318
13/09/2021,19.8717
14/09/2021,19.8677
15/09/2021,19.9035
17/09/2021,19.9003
20/09/2021,19.9853
21/09/2021,20.1735
22/09/2021,20.1438
23/09/2021,20.0328
24/09/2021,20.028
27/09/2021,20.1118
28/09/2021,20.1052
29/09/2021,20.306
30/09/2021,20.4977
1/10/2021,20.5623
4/10/2021,20.5103
5/10/2021,20.5747
6/10/2021,20.5818
7/10/2021,20.6947
8/10/2021,20.604
11/10/2021,20.7293
12/10/2021,20.8017
13/10/2021,20.7767
14/10/2021,20.6827
15/10/2021,20.6075
18/10/2021,20.4672
19/10/2021,20.3587
20/10/2021,20.2647
21/10/2021,20.185
22/10/2021,20.2643
25/10/2021,20.1837
26/10/2021,20.1897
27/10/2021,20.1888
28/10/2021,20.193
29/10/2021,20.3255
1/11/2021,20.5297
3/11/2021,20.8598
4/11/2021,20.8352
5/11/2021,20.6242
8/11/2021,20.3925
9/11/2021,20.3265
10/11/2021,20.2833
11/11/2021,20.4702
12/11/2021,20.4652
16/11/2021,20.5072
17/11/2021,20.8092
18/11/2021,20.6912
19/11/2021,20.7628
22/11/2021,20.8283
23/11/2021,20.9632
24/11/2021,21.2107
25/11/2021,21.4357
26/11/2021,21.5462
29/11/2021,21.8185
30/11/2021,21.7333
1/12/2021,21.4453
2/12/2021,21.271
3/12/2021,21.3033
6/12/2021,21.4177
7/12/2021,21.2047
8/12/2021,21.0907
9/12/2021,20.933
10/12/2021,21.0328
13/12/2021,20.8922
14/12/2021,20.9383
15/12/2021,21.165
16/12/2021,21.2393
17/12/2021,20.9238
20/12/2021,20.7337
21/12/2021,20.7363
22/12/2021,20.7823
23/12/2021,20.7527
24/12/2021,20.6582
27/12/2021,20.6112
28/12/2021,20.6828
29/12/2021,20.577
30/12/2021,20.5835
31/12/2021,20.5157
3/1/2022,20.4672
4/1/2022,20.589
5/1/2022,20.4742
6/1/2022,20.3977
7/1/2022,20.4588
10/1/2022,20.4237
11/1/2022,20.4453
12/1/2022,20.3785
13/01/2022,20.366
14/01/2022,20.3607
17/01/2022,20.3118
18/01/2022,20.3002
19/01/2022,20.403
20/01/2022,20.46
21/01/2022,20.4507
24/01/2022,20.4598
25/01/2022,20.6308
26/01/2022,20.6683
27/01/2022,20.6415
28/01/2022,20.7383
31/01/2022,20.8597
1/2/2022,20.6352
2/2/2022,20.58
3/2/2022,20.6003
4/2/2022,20.5562
8/2/2022,20.7325
9/2/2022,20.6413
10/2/2022,20.5008
11/2/2022,20.4148
14/02/2022,20.4188
15/02/2022,20.411
16/02/2022,20.3992
17/02/2022,20.3335
18/02/2022,20.2978
21/02/2022,20.3063
22/02/2022,20.2825
23/02/2022,20.2977
24/02/2022,20.2435
25/02/2022,20.6525
28/02/2022,20.4465
1/3/2022,20.4257
2/3/2022,20.5272
3/3/2022,20.7193
4/3/2022,20.7033
7/3/2022,20.9262
8/3/2022,21.1947
9/3/2022,21.3775
10/3/2022,20.9677
11/3/2022,20.9743
14/03/2022,20.9695
15/03/2022,20.8908
16/03/2022,20.8743
17/03/2022,20.7035
18/03/2022,20.5585
22/03/2022,20.4145
23/03/2022,20.2782
24/03/2022,20.18
25/03/2022,20.1313
28/03/2022,19.9577
29/03/2022,20.1195
30/03/2022,19.9942
31/03/2022,19.8632
1/4/2022,19.9112
4/4/2022,19.8432
5/4/2022,19.7443
6/4/2022,19.9012
7/4/2022,20.0665
8/4/2022,20.1605
11/4/2022,20.12
12/4/2022,20.0093
13/04/2022,19.8407
18/04/2022,19.7967
19/04/2022,19.9377
20/04/2022,20.0447
21/04/2022,20.0383
22/04/2022,20.1802
25/04/2022,20.3183
26/04/2022,20.2992
27/04/2022,20.356
28/04/2022,20.4707
29/04/2022,20.567
2/5/2022,20.3728
3/5/2022,20.4075
4/5/2022,20.335
5/5/2022,20.2535
6/5/2022,20.2218
9/5/2022,20.1085
10/5/2022,20.3172
11/5/2022,20.372
12/5/2022,20.2592
13/05/2022,20.32
16/05/2022,20.1443
17/05/2022,20.0782
18/05/2022,19.9637
19/05/2022,19.9663
20/05/2022,19.9267
23/05/2022,19.8657
24/05/2022,19.8282
25/05/2022,19.887
26/05/2022,19.8377
27/05/2022,19.7933
30/05/2022,19.5965
31/05/2022,19.4953
1/6/2022,19.694
2/6/2022,19.7388
3/6/2022,19.5585
6/6/2022,19.5742
7/6/2022,19.5547
8/6/2022,19.5998
9/6/2022,19.59
10/6/2022,19.6128
13/06/2022,19.9297
14/06/2022,20.4527
15/06/2022,20.6583
16/06/2022,20.6675
17/06/2022,20.5728
20/06/2022,20.476
21/06/2022,20.2442
22/06/2022,20.1963
23/06/2022,20.0465
24/06/2022,20.0365
27/06/2022,19.8707
28/06/2022,19.8797
29/06/2022,19.9847
30/06/2022,20.1443
1/7/2022,20.1335
4/7/2022,20.3817
5/7/2022,20.2877
6/7/2022,20.5598
7/7/2022,20.7228
8/7/2022,20.6022
11/7/2022,20.4423
12/7/2022,20.7473
13/07/2022,20.7882
14/07/2022,20.7613
15/07/2022,20.9415
18/07/2022,20.611
19/07/2022,20.3957
20/07/2022,20.4407
21/07/2022,20.4913
22/07/2022,20.6562
25/07/2022,20.515
26/07/2022,20.4652
27/07/2022,20.433
28/07/2022,20.512
29/07/2022,20.3778
1/8/2022,20.3485
2/8/2022,20.2633
3/8/2022,20.5152
4/8/2022,20.6305
5/8/2022,20.3358
8/8/2022,20.401
9/8/2022,20.2789
10/8/2022,20.2715
11/8/2022,19.9562
12/8/2022,19.9595
15/08/2022,19.874
16/08/2022,19.8618
17/08/2022,19.9303
18/08/2022,20.0387
19/08/2022,20.0835
22/08/2022,20.1957
23/08/2022,20.1598
24/08/2022,19.9982
25/08/2022,19.9198
26/08/2022,19.9437
29/08/2022,19.9268
30/08/2022,19.9945
31/08/2022,20.1465
1/9/2022,20.0962
2/9/2022,20.2473
5/9/2022,19.9753
6/9/2022,19.962
7/9/2022,20.138
8/9/2022,20.0297
9/9/2022,20.0203
12/9/2022,19.9027
13/09/2022,19.7957
14/09/2022,20.055
15/09/2022,19.9768
19/09/2022,20.0525
20/09/2022,19.9943
21/09/2022,20
22/09/2022,20.0027
23/09/2022,19.9608
26/09/2022,20.1627
27/09/2022,20.3517
28/09/2022,20.357
29/09/2022,20.3058
30/09/2022,20.1927
3/10/2022,20.0925
4/10/2022,20.0008
5/10/2022,19.9698
6/10/2022,20.1267
7/10/2022,20.1087
10/10/2022,20.0502
11/10/2022,19.9752
12/10/2022,19.9652
13/10/2022,20.0352
14/10/2022,20.0398
17/10/2022,20.0838
18/10/2022,19.9913
19/10/2022,20.0207
20/10/2022,20.1272
21/10/2022,20.0448
24/10/2022,19.9647
25/10/2022,19.9535
26/10/2022,19.8712
27/10/2022,19.8553
28/10/2022,19.8365
31/10/2022,19.8303
1/11/2022,19.8245
3/11/2022,19.7463
4/11/2022,19.6673
7/11/2022,19.5202
8/11/2022,19.4647
9/11/2022,19.4775
10/11/2022,19.5887
11/11/2022,19.394
14/11/2022,19.5353
15/11/2022,19.4015
16/11/2022,19.3818
17/11/2022,19.3137
18/11/2022,19.4333
22/11/2022,19.493
23/11/2022,19.4667
24/11/2022,19.3683
25/11/2022,19.3692
28/11/2022,19.3393
29/11/2022,19.325
30/11/2022,19.216
1/12/2022,19.3965
2/12/2022,19.1433
5/12/2022,19.3422
6/12/2022,19.7567
7/12/2022,19.803
8/12/2022,19.6977
9/12/2022,19.6732
13/12/2022,19.8192
14/12/2022,19.6458
15/12/2022,19.6955
16/12/2022,19.7963
19/12/2022,19.7932
20/12/2022,19.7557
21/12/2022,19.7482
22/12/2022,19.6932
23/12/2022,19.574
26/12/2022,19.4287
27/12/2022,19.3983
28/12/2022,19.4407
29/12/2022,19.4143
30/12/2022,19.3615
2/1/2023,19.4715
3/1/2023,19.4883
4/1/2023,19.422
5/1/2023,19.3568
6/1/2023,19.3672
9/1/2023,19.1753
10/1/2023,19.1648
11/1/2023,19.1108
12/1/2023,19.026
13/01/2023,18.8735
16/01/2023,18.7922
17/01/2023,18.7913
18/01/2023,18.7493
19/01/2023,18.7493
20/01/2023,19.0327
23/01/2023,18.9257
24/01/2023,18.8267
25/01/2023,18.8318
26/01/2023,18.82
27/01/2023,18.8355
30/01/2023,18.7872
31/01/2023,18.7793
1/2/2023,18.7937
2/2/2023,18.739
3/2/2023,18.6232
7/2/2023,18.8895
8/2/2023,19.0517
9/2/2023,18.9435
10/2/2023,18.9543
13/02/2023,18.6893
14/02/2023,18.6327
15/02/2023,18.5383
16/02/2023,18.6428
17/02/2023,18.5497
20/02/2023,18.4142
21/02/2023,18.397
22/02/2023,18.3938
23/02/2023,18.3483
24/02/2023,18.4107
27/02/2023,18.4023
28/02/2023,18.4077
1/3/2023,18.3448
2/3/2023,18.17
3/3/2023,18.126
6/3/2023,18.0123
7/3/2023,18.0122
8/3/2023,18.1155
9/3/2023,17.9662
10/3/2023,18.0577
13/03/2023,18.4083
14/03/2023,18.8302
15/03/2023,18.6427
16/03/2023,18.9972
17/03/2023,18.9095
21/03/2023,18.8977
22/03/2023,18.6755
23/03/2023,18.5437
24/03/2023,18.4902
27/03/2023,18.5178
28/03/2023,18.383
29/03/2023,18.2523
30/03/2023,18.1052
31/03/2023,18.0932
3/4/2023,18.0415
4/4/2023,18.107
5/4/2023,18.1185
10/4/2023,18.3323
11/4/2023,18.1765
12/4/2023,18.187
13/04/2023,18.066
14/04/2023,18.0152
17/04/2023,18.0638
18/04/2023,18.0868
19/04/2023,18.063
20/04/2023,18.0448
21/04/2023,18.009
24/04/2023,17.9988
25/04/2023,18.0082
26/04/2023,18.0892
27/04/2023,18.103
28/04/2023,18.0723
2/5/2023,17.9975
3/5/2023,18.0325
4/5/2023,17.906
5/5/2023,17.9575
8/5/2023,17.7863
9/5/2023,17.8213
10/5/2023,17.7608
11/5/2023,17.5845
12/5/2023,17.6287
15/05/2023,17.6142
16/05/2023,17.538
17/05/2023,17.4672
18/05/2023,17.5872
19/05/2023,17.7342
22/05/2023,17.693
23/05/2023,17.868
24/05/2023,17.9687
25/05/2023,17.8195
26/05/2023,17.8252
29/05/2023,17.6723
30/05/2023,17.5605
31/05/2023,17.6532
1/6/2023,17.7418
2/6/2023,17.5673
5/6/2023,17.5063
6/6/2023,17.4732
7/6/2023,17.4192
8/6/2023,17.3608
9/6/2023,17.4085
12/6/2023,17.284
13/06/2023,17.312
14/06/2023,17.2185
15/06/2023,17.1247
16/06/2023,17.1762
19/06/2023,17.0792
20/06/2023,17.0945
21/06/2023,17.2043
22/06/2023,17.1547
23/06/2023,17.1713
26/06/2023,17.1795
27/06/2023,17.1445
28/06/2023,17.1013
29/06/2023,17.072
30/06/2023,17.1187
3/7/2023,17.1358
4/7/2023,17.0517
5/7/2023,17.026
6/7/2023,17.004
7/7/2023,17.2825
10/7/2023,17.1012
11/7/2023,17.0605
12/7/2023,17.0783
13/07/2023,16.8537
14/07/2023,16.8905
17/07/2023,16.7892
18/07/2023,16.7858
19/07/2023,16.748
20/07/2023,16.7667
21/07/2023,16.846
24/07/2023,16.9393
25/07/2023,16.8367
26/07/2023,16.9075
27/07/2023,16.8825
28/07/2023,16.7338
31/07/2023,16.6895
1/8/2023,16.7303
2/8/2023,16.8533
3/8/2023,17.0193
4/8/2023,17.2892
7/8/2023,17.0555
8/8/2023,17.0608
9/8/2023,17.1122
10/8/2023,17.0767
11/8/2023,16.9548
14/08/2023,17.0045
15/08/2023,17.0672
16/08/2023,17.1388
17/08/2023,17.0768
18/08/2023,17.1225
21/08/2023,17.0477
22/08/2023,17.0202
23/08/2023,16.9267
24/08/2023,16.8077
25/08/2023,16.809
28/08/2023,16.7718
29/08/2023,16.7432
30/08/2023,16.8402
31/08/2023,16.7477
1/9/2023,16.917
4/9/2023,17.1113
5/9/2023,17.175
6/9/2023,17.3492
7/9/2023,17.5805
8/9/2023,17.5543
11/9/2023,17.5767
12/9/2023,17.3813
13/09/2023,17.2553
14/09/2023,17.1235
15/09/2023,17.1042
18/09/2023,17.0807
19/09/2023,17.1307
20/09/2023,17.0805
21/09/2023,17.024
22/09/2023,17.1675
25/09/2023,17.1568
26/09/2023,17.3733
27/09/2023,17.4758
28/09/2023,17.7287
29/09/2023,17.6195
2/10/2023,17.4127
3/10/2023,17.592
4/10/2023,17.9025
5/10/2023,18.017
6/10/2023,18.2407
9/10/2023,18.1837
10/10/2023,18.3482
11/10/2023,17.9917
12/10/2023,17.842
13/10/2023,17.9132
16/10/2023,18.0362
17/10/2023,17.9568
18/10/2023,17.9097
19/10/2023,18.244
20/10/2023,18.2873
23/10/2023,18.2343
24/10/2023,18.1218
25/10/2023,18.2842
26/10/2023,18.3122
27/10/2023,18.2178
30/10/2023,18.0752
31/10/2023,18.064
1/11/2023,18.0368
3/11/2023,17.9305
6/11/2023,17.4117
7/11/2023,17.5308
8/11/2023,17.5097
9/11/2023,17.5017
10/11/2023,17.4888
13/11/2023,17.748
14/11/2023,17.6138
15/11/2023,17.3917
16/11/2023,17.3387
17/11/2023,17.2708
21/11/2023,17.2175
22/11/2023,17.2102
23/11/2023,17.2133
24/11/2023,17.1787
27/11/2023,17.1268
28/11/2023,17.1555
29/11/2023,17.1357
30/11/2023,17.187
1/12/2023,17.373
4/12/2023,17.2143
5/12/2023,17.406
6/12/2023,17.4215
7/12/2023,17.2685
8/12/2023,17.4197
11/12/2023,17.3688
13/12/2023,17.447
14/12/2023,17.398
15/12/2023,17.299
18/12/2023,17.1908
19/12/2023,17.2277
20/12/2023,17.0652
21/12/2023,17.0673
22/12/2023,17.059
26/12/2023,16.9738
27/12/2023,16.9727
28/12/2023,16.922
29/12/2023,16.8935
2/1/2024,16.919
3/1/2024,17.0297
4/1/2024,17.0492
5/1/2024,17.0458
8/1/2024,16.8987
9/1/2024,16.8133
10/1/2024,16.9347
11/1/2024,16.9912
12/1/2024,16.9898
15/01/2024,16.858
16/01/2024,16.8983
17/01/2024,17.1598
18/01/2024,17.2957
19/01/2024,17.1995
22/01/2024,17.1325
23/01/2024,17.1125
24/01/2024,17.352
25/01/2024,17.1673
26/01/2024,17.2375
29/01/2024,17.1657
30/01/2024,17.2333
31/01/2024,17.1932
1/2/2024,17.1633
2/2/2024,17.1335
6/2/2024,17.1447
7/2/2024,17.0357
8/2/2024,17.0398
9/2/2024,17.1023
12/2/2024,17.0855
13/02/2024,17.068
14/02/2024,17.1982
15/02/2024,17.1105
16/02/2024,17.068
19/02/2024,17.0602
20/02/2024,17.05
21/02/2024,17.0458
22/02/2024,17.0603
23/02/2024,17.121
