id,num_words,score,dates,homicidios_fuentes_gobierno,homicidios_fuentes_abiertas,nnet_score
20190103,3118,0.218147618,1/3/2019,83,74,0.314186361
20190104,2143,0.465520899,1/4/2019,63,79,0.227593033
20190107,2272,0.571207492,1/7/2019,98,103,0.318560644
20190108,1830,0.458009118,1/8/2019,89,74,0.174930366
20190109,1633,0.407554091,1/9/2019,70,78,0.251114736
20190110,3101,0.261683105,1/10/2019,75,60,0.259970495
20190111,2613,0,1/11/2019,67,74,0
20190114,4020,0.3095754,1/14/2019,64,79,0.51653122
20190115,2622,0.468121134,1/15/2019,55,77,0.33415157
20190116,3331,0.160110078,1/16/2019,70,77,0.398869578
20190117,2392,0.207024116,1/17/2019,64,77,0.307683997
20190119,3465,0.193029663,1/19/2019,76,75,0.283731315
20190120,2491,0.189584562,1/20/2019,84,66,0.498498942
20190121,3494,0.108206888,1/21/2019,77,86,0.181559998
20190122,4092,0.23998959,1/22/2019,80,77,0.401801998
20190123,2817,0.153207718,1/23/2019,63,63,0.389218174
20190124,1473,0.082700839,1/24/2019,58,68,0.237794578
20190125,2853,0.288060077,1/25/2019,81,81,0.412855441
20190128,3236,0.60247598,1/28/2019,83,73,0.43156736
20190129,2784,0.506456444,1/29/2019,54,68,0.509995376
20190130,3439,0.591537542,1/30/2019,81,76,0.436440668
20190131,3122,0.663057794,1/31/2019,66,74,0.22865772
20190201,2299,0.61315862,2/1/2019,79,81,0.253747217
20190204,2497,0.093526018,2/4/2019,86,72,0.439440928
20190205,2650,0.477622084,2/5/2019,84,105,0.506749656
20190206,3631,0.75308797,2/6/2019,75,77,0.451690658
20190207,3057,0.557087063,2/7/2019,107,101,0.250699587
20190208,5215,0.101756256,2/8/2019,63,86,0.576723201
20190211,2621,0.244823764,2/11/2019,104,90,0.624591091
20190212,2732,0.326260469,2/12/2019,87,119,0.478865565
20190213,3028,0.626379323,2/13/2019,58,77,0.476478573
20190214,2939,0.344384729,2/14/2019,86,81,0.441198147
20190215,4388,0.189996393,2/15/2019,69,67,0.623894828
20190218,1594,0.291004948,2/18/2019,90,80,0.317438219
20190219,2747,0.618779056,2/19/2019,87,80,0.427253047
20190220,2551,0.406307497,2/20/2019,85,70,0.290104341
20190221,4867,0.735596596,2/21/2019,89,96,0.55092913
20190222,3286,0.19723546,2/22/2019,78,78,0.285785447
20190225,2714,0.576133604,2/25/2019,61,74,0.443339856
20190226,2814,0.625848052,2/26/2019,91,79,0.348429441
20190227,2233,0,2/27/2019,69,74,0
20190228,3000,0.101979087,2/28/2019,87,97,0.256742837
20190301,3021,0.344795062,3/1/2019,63,61,0.401018688
20190304,3038,0.284978496,3/4/2019,79,88,0.374939774
20190305,2169,0.609348208,3/5/2019,72,78,0.375291106
20190307,2191,0.265554662,3/7/2019,86,75,0.295409539
20190311,352,0.09068011,3/11/2019,91,71,0.13464314
20190312,2786,0.531691285,3/12/2019,83,79,0.433561053
20190313,2607,0.318367313,3/13/2019,61,65,0.345006102
20190314,3885,0.169953256,3/14/2019,94,76,0.566086962
20190315,2125,0.540543343,3/15/2019,94,80,0.380139804
20190318,5225,0.176643019,3/18/2019,55,59,0.682689291
20190319,3031,0.095052719,3/19/2019,79,67,0.497186416
20190320,2224,0.340026158,3/20/2019,74,75,0.307202945
20190321,3756,0.17000189,3/21/2019,69,71,0.3692974
20190322,3313,0.304749257,3/22/2019,67,72,0.500335103
20190325,3409,0.05087607,3/25/2019,57,80,0.05087607
20190326,2147,0.256932791,3/26/2019,69,75,0.259706269
20190327,3610,0.530606539,3/27/2019,67,73,0.191000082
20190328,2740,0.59647358,3/28/2019,60,65,0.398494311
20190329,3263,0.352351923,3/29/2019,86,75,0.458827435
20190401,2206,0.166617273,4/1/2019,69,71,0.468840127
20190402,3628,0.176987788,4/2/2019,62,84,0.393312284
20190403,4135,0.478476935,4/3/2019,67,72,0.379418549
20190404,2441,0.326561582,4/4/2019,85,77,0.343702387
20190405,4564,0.197772928,4/5/2019,74,73,0.483204606
20190408,3498,0.489900624,4/8/2019,79,70,0.482906342
20190409,4027,0.479030673,4/9/2019,60,73,0.248360435
20190410,2786,0.169953256,4/10/2019,55,60,0.446845485
20190412,2313,0.513838446,4/12/2019,73,74,0.272212384
20190415,3476,0.243500872,4/15/2019,94,91,0.534383941
20190416,2309,0.283131997,4/16/2019,82,80,0.413803801
20190417,3669,0.651333168,4/17/2019,65,73,0.488288836
20190422,3548,0.512871761,4/22/2019,82,85,0.503720792
20190423,4484,0.327046745,4/23/2019,79,71,0.523661536
20190424,2272,0.37764456,4/24/2019,67,78,0.32523399
20190425,3170,0.136050774,4/25/2019,88,85,0.502952577
20190426,3642,0.101202503,4/26/2019,54,75,0.21240153
20190429,3080,0.205630461,4/29/2019,75,93,0.33574324
20190430,2127,0.348400074,4/30/2019,63,71,0.348400074
20190501,3748,0.242601131,5/1/2019,64,59,0.583691345
20190502,2957,0.633059248,5/2/2019,85,78,0.387865473
20190503,2792,0.451406549,5/3/2019,84,97,0.408633051
20190506,3990,0.342586247,5/6/2019,68,63,0.538418727
20190507,3051,0.601741304,5/7/2019,60,85,0.24641614
20190509,3528,0.198282174,5/9/2019,59,69,0.391423495
20190510,4497,0.569793587,5/10/2019,58,81,0.420568717
20190513,4769,0.201239791,5/13/2019,78,100,0.759744518
20190514,4085,0.353904357,5/14/2019,80,72,0.358185925
20190515,2411,0.088602219,5/15/2019,68,77,0.236919859
20190516,3682,0.263488341,5/16/2019,87,85,0.204664716
20190517,3348,0.462428305,5/17/2019,73,72,0.209679725
20190520,6455,0.697744452,5/20/2019,68,100,0.650446894
20190521,4070,0.211791801,5/21/2019,71,92,0.449515939
20190522,2817,0.235901251,5/22/2019,70,86,0.304638098
20190523,2929,0.21361391,5/23/2019,92,91,0.346275515
20190524,2383,0.24743607,5/24/2019,83,78,0.235760181
20190527,5317,0.259280224,5/27/2019,78,89,0.423340022
20190528,3957,0.363159936,5/28/2019,81,74,0.332510266
20190529,4961,0.437596837,5/29/2019,87,101,0.471866407
20190530,3619,0.300691094,5/30/2019,86,69,0.276766694
20190531,1905,0.12422242,5/31/2019,57,60,0.151587486
20190601,2673,0.282154739,6/1/2019,84,67,0.249875161
20190603,3883,0.328388756,6/3/2019,81,67,0.41881649
20190604,3832,0.180566881,6/4/2019,65,74,0.496212036
20190605,4687,0.356168297,6/5/2019,59,78,0.341020068
20190606,2532,0.213286381,6/6/2019,70,83,0.283159867
20190607,2627,0.312622385,6/7/2019,87,79,0.330927201
20190610,3400,0.558936382,6/10/2019,92,93,0.216495625
20190611,1645,0.276169491,6/11/2019,98,98,0.177143381
20190612,811,0.248459171,6/12/2019,89,101,0.152534392
20190613,604,0.151612258,6/13/2019,83,93,0.196150054
20190614,3261,0.217576626,6/14/2019,81,82,0.213798563
20190617,4038,0.271223262,6/17/2019,90,120,0.450096256
20190618,3098,0.164746707,6/18/2019,93,93,0.426614758
20190620,2334,0.242722187,6/20/2019,93,88,0.332510678
20190621,2562,0.151973547,6/21/2019,93,97,0.177031502
20190624,3305,0.537007642,6/24/2019,81,94,0.271133865
20190625,2686,0.300986421,6/25/2019,69,87,0.340004338
20190626,2755,0.419191875,6/26/2019,69,82,0.473064514
20190627,3063,0.485449132,6/27/2019,66,90,0.363301168
20190628,2819,0.23629715,6/28/2019,80,89,0.296952135
20190702,4027,0.481216111,7/2/2019,80,84,0.435417419
20190703,2848,0.404299444,7/3/2019,73,74,0.396505141
20190704,3077,0.615819912,7/4/2019,67,76,0.406938386
20190705,2308,0.092487586,7/5/2019,81,73,0.179053345
20190708,4975,0.352585694,7/8/2019,85,102,0.477191634
20190709,2756,0.176839052,7/9/2019,67,98,0.380021743
20190710,3135,0.136535512,7/10/2019,76,96,0.443614919
20190711,5505,0.245144935,7/11/2019,85,96,0.540579819
20190712,3310,0.485867131,7/12/2019,54,77,0.360551889
20190715,3877,0.283681036,7/15/2019,68,93,0.410685892
20190716,3492,0.171590565,7/16/2019,67,81,0.519325902
20190717,3308,0.470012566,7/17/2019,83,88,0.379319901
20190718,4774,0.365387253,7/18/2019,78,85,0.608626748
20190719,2243,0.108044606,7/19/2019,65,69,0.340093323
20190722,3057,0.639529425,7/22/2019,62,104,0.282361638
20190723,4107,0.582977051,7/23/2019,57,87,0.558925515
20190724,3842,0.103148582,7/24/2019,70,75,0.511857147
20190725,4170,0.123130354,7/25/2019,89,79,0.622499543
20190726,3954,0.248524163,7/26/2019,87,77,0.647888215
20190729,5790,0.711574311,7/29/2019,82,85,0.599413812
20190730,2228,0.37802576,7/30/2019,80,72,0.266990622
20190731,3475,0.333751457,7/31/2019,88,77,0.584861024
20190801,3469,0.33026477,8/1/2019,54,71,0.467924308
20190802,5006,0.462520198,8/2/2019,83,69,0.483605658
20190805,4648,0.426220049,8/5/2019,82,108,0.282349539
20190807,4402,0.246394231,8/7/2019,73,86,0.417960406
20190808,4565,0.204483704,8/8/2019,88,94,0.483538699
20190809,3469,0.776756309,8/9/2019,73,72,0.398903763
20190812,3936,0.17516888,8/12/2019,73,76,0.514430216
20190813,4827,0.676977403,8/13/2019,83,90,0.179616334
20190814,2608,0.262343156,8/14/2019,82,94,0.296213494
20190815,3033,0.183489477,8/15/2019,74,90,0.38374875
20190816,4698,0.2027576,8/16/2019,60,73,0.640188213
20190819,3645,0.186761657,8/19/2019,86,102,0.539574544
20190820,4272,0.584565051,8/20/2019,98,79,0.617978125
20190821,3467,0.255767107,8/21/2019,94,104,0.562131764
20190822,2839,0.317620302,8/22/2019,62,84,0.534167909
20190823,5077,0.479647935,8/23/2019,70,75,0.621087753
20190826,2463,0.43861242,8/26/2019,86,98,0.315604965
20190827,3962,0.358455319,8/27/2019,100,87,0.636977794
20190828,4245,0.224099666,8/28/2019,79,105,0.511028022
20190829,2456,0.105080146,8/29/2019,56,65,0.406256749
20190830,4280,0.185814869,8/30/2019,94,79,0.50889671
20190902,3326,0.467151864,9/2/2019,76,91,0.404605843
20190903,2789,0.685154697,9/3/2019,79,78,0.315187583
20190904,3230,0.191474174,9/4/2019,63,86,0.453283885
20190905,3700,0.240208031,9/5/2019,64,75,0.375760352
20190906,1658,0.316852263,9/6/2019,64,75,0.132249202
20190909,2127,0.157283913,9/9/2019,75,93,0.392677166
20190910,3159,0.111796502,9/10/2019,78,80,0.234405277
20190911,4701,0.481292087,9/11/2019,77,73,0.67785428
20190912,3022,0.204814773,9/12/2019,74,87,0.261417498
20190913,2576,0.308509068,9/13/2019,71,96,0.426012768
20190918,3905,0.254960449,9/18/2019,62,75,0.450719979
20190920,3648,0.49758324,9/20/2019,114,107,0.452428329
20190923,3540,0.542590486,9/23/2019,85,91,0.633345236
20190924,3585,0.245781756,9/24/2019,71,80,0.637654438
20190925,4231,0.151973547,9/25/2019,77,87,0.663026018
20190926,2627,0.200070847,9/26/2019,81,88,0.445331493
20190927,1434,0.290759341,9/27/2019,75,82,0.241183247
20190930,5012,0.172656515,9/30/2019,65,78,0.608559905
20191001,5042,0.229144073,10/1/2019,81,86,0.525280725
20191002,3399,0.18335685,10/2/2019,88,76,0.538282047
20191003,3910,0.175566159,10/3/2019,87,81,0.526039072
20191004,3462,0.420217062,10/4/2019,61,73,0.227360304
20191007,4630,0.176428749,10/7/2019,77,72,0.514395561
20191008,3367,0.204483704,10/8/2019,86,80,0.346426879
20191009,3280,0.276582115,10/9/2019,80,96,0.264330946
20191010,4132,0.277166807,10/10/2019,78,75,0.430102589
20191011,2331,0.132053697,10/11/2019,75,72,0.389135826
20191014,7241,0.548935966,10/14/2019,93,93,0.283220953
20191015,1878,0.157852071,10/15/2019,87,97,0.337883422
20191016,4375,0.253342641,10/16/2019,103,86,0.445675689
20191017,3042,0.312201919,10/17/2019,60,64,0.349998733
20191018,3185,0.657021856,10/18/2019,71,75,0.289696945
20191021,4947,0.170302988,10/21/2019,79,121,0.278243594
20191022,4273,0.625436015,10/22/2019,78,95,0.490666196
20191023,3916,0.464291838,10/23/2019,74,90,0.452916606
20191024,3330,0.223271936,10/24/2019,82,76,0.311470327
20191025,3786,0.329437203,10/25/2019,52,67,0.317983675
20191028,3921,0.218109939,10/28/2019,77,74,0.507271765
20191029,6029,0.223396414,10/29/2019,78,81,0.417255333
20191030,4984,0.107995444,10/30/2019,62,56,0.355665072
20191031,4353,0.267947968,10/31/2019,52,56,0.57288759
20191101,4394,0.202617029,11/1/2019,50,57,0.476726734
20191104,4559,0.315385261,11/4/2019,73,87,0.457945095
20191105,3594,0.238389123,11/5/2019,89,94,0.330988815
20191106,3437,0.595490038,11/6/2019,97,92,0.410018058
20191107,3527,0.184707275,11/7/2019,68,75,0.387329855
20191108,2800,0.325033552,11/8/2019,68,67,0.390239191
20191111,2174,0.284593919,11/11/2019,87,65,0.287437822
20191112,2237,0.189557925,11/12/2019,65,68,0.173194292
20191113,2825,0.170111419,11/13/2019,60,68,0.342812588
20191114,5234,0.573768696,11/14/2019,86,77,0.558858086
20191115,2778,0.205845598,11/15/2019,87,68,0.390477778
20191118,3566,0.27885369,11/18/2019,69,63,0.409642438
20191119,3732,0.250502026,11/19/2019,101,78,0.455696898
20191121,5387,0.566189163,11/21/2019,82,74,0.625197604
20191122,3395,0.207449369,11/22/2019,73,58,0.484842296
20191125,3739,0.105611374,11/25/2019,83,90,0.444982833
20191126,3868,0.184613194,11/26/2019,90,77,0.421731817
20191127,3934,0.2027576,11/27/2019,60,80,0.403767027
20191128,3489,0.178073223,11/28/2019,65,69,0.41657211
20191129,3301,0.516692334,11/29/2019,75,71,0.248465809
20191202,3650,0.552940326,12/2/2019,77,80,0.414513103
20191203,4040,0.465752291,12/3/2019,73,67,0.325863821
20191204,3667,0.107390326,12/4/2019,90,84,0.428356177
20191205,5872,0.143150386,12/5/2019,77,83,0.463582154
20191206,3264,0.245808452,12/6/2019,88,63,0.416913722
20191209,5285,0.535166194,12/9/2019,79,70,0.552411286
20191210,3066,0.242570192,12/10/2019,80,69,0.375485935
20191211,2943,0.221878604,12/11/2019,73,73,0.383974797
20191212,3694,0.22659068,12/12/2019,63,62,0.278109352
20191213,2875,0.292864927,12/13/2019,96,81,0.425860346
20191216,3496,0.199925444,12/16/2019,75,71,0.30276834
20191217,4208,0.138568352,12/17/2019,77,74,0.469035073
20191218,2522,0.040636486,12/18/2019,80,62,0.040636486
20191219,4414,0.683360121,12/19/2019,94,101,0.416984382
20191220,4715,0.348873019,12/20/2019,65,76,0.547577684
20191223,4525,0.364105182,12/23/2019,93,87,0.485380734
20191224,2667,0.193174742,12/24/2019,61,54,0.378100473
20191226,1749,0.315742408,12/26/2019,86,75,0.126640454
20191227,3206,0.093798981,12/27/2019,67,50,0.395539043
20200102,3797,0.774374368,1/2/2020,59,69,0.44764947
20200103,2242,0.331585167,1/3/2020,74,78,0.383112164
20200106,4875,0.273193753,1/6/2020,68,63,0.44798509
20200107,4144,0.551890822,1/7/2020,77,65,0.341971012
20200108,3845,0.17412713,1/8/2020,71,76,0.518438453
20200109,3634,0.206991797,1/9/2020,93,80,0.346218512
20200110,3501,0.593018054,1/10/2020,82,61,0.380513603
20200113,5194,0.182136579,1/13/2020,86,106,0.182136579
20200114,4127,0.203027245,1/14/2020,62,82,0.39328785
20200115,5241,0.618225289,1/15/2020,82,101,0.670921142
20200116,5477,0.174275865,1/16/2020,86,100,0.212418622
20200117,3111,0.565471873,1/17/2020,75,89,0.289663406
20200120,3861,0.175430874,1/20/2020,66,73,0.57018301
20200121,3999,0.309701331,1/21/2020,93,79,0.296229941
20200122,4001,0.364105182,1/22/2020,86,73,0.494518663
20200123,5141,0.384088188,1/23/2020,70,65,0.336510016
20200124,3231,0.202209237,1/24/2020,86,84,0.412987011
20200127,3879,0.503762495,1/27/2020,79,83,0.497542535
20200128,3202,0,1/28/2020,87,90,0
20200129,4401,0.467989035,1/29/2020,78,84,0.722227818
20200130,4247,0.407752944,1/30/2020,67,66,0.316776405
20200131,4214,0.636631719,1/31/2020,58,67,0.450174551
20200203,1320,0.113313269,2/3/2020,90,89,0.221760382
20200204,4805,0.326561582,2/4/2020,83,77,0.40801579
20200205,3498,0.107579009,2/5/2020,75,93,0.285011711
20200206,3488,0.370989158,2/6/2020,62,70,0.379724302
20200207,4036,0.275718688,2/7/2020,81,70,0.356566971
20200210,4112,0.585169155,2/10/2020,80,83,0.551281607
20200211,4017,0.17000189,2/11/2020,78,74,0.308051746
20200212,2119,0.184834909,2/12/2020,69,78,0.283425944
20200213,4086,0.160127522,2/13/2020,75,61,0.482448608
20200214,2669,0.513403972,2/14/2020,82,76,0.299657567
20200217,4199,0.618779056,2/17/2020,96,83,0.46921933
20200218,3758,0.314159284,2/18/2020,71,73,0.374555902
20200219,3052,0.16006695,2/19/2020,96,97,0.350157939
20200220,4031,0.234145368,2/20/2020,87,90,0.454067958
20200221,4439,0.460296317,2/21/2020,78,80,0.451533773
20200224,2867,0.227450612,2/24/2020,83,96,0.474928693
20200225,3528,0.310557562,2/25/2020,86,82,0.227584487
20200226,4882,0.635699923,2/26/2020,80,70,0.467620816
20200227,3302,0.243767579,2/27/2020,61,73,0.482091901
20200228,4586,0.132838123,2/28/2020,60,58,0.250815444
20200302,3167,0.178420415,3/2/2020,82,93,0.369576457
20200303,4814,0.154346207,3/3/2020,95,68,0.354028732
20200304,4189,0.169873551,3/4/2020,62,65,0.415278263
20200305,4197,0.101787239,3/5/2020,97,92,0.379557373
20200306,3559,0.579751419,3/6/2020,71,63,0.426493996
20200309,4236,0.565966846,3/9/2020,72,85,0.47576604
20200310,3893,0.478476935,3/10/2020,79,81,0.265887874
20200311,4396,0.520702803,3/11/2020,88,80,0.316519668
20200312,4690,0.170856741,3/12/2020,94,73,0.210257957
20200313,1832,0.216926163,3/13/2020,76,68,0.117000467
20200316,4924,0.420469658,3/16/2020,82,78,0.278549229
20200317,5271,0.256780869,3/17/2020,86,89,0.253413242
20200318,4843,0.276744404,3/18/2020,54,69,0.305042734
20200319,6321,0.16848408,3/19/2020,60,60,0.28517914
20200320,2271,0.108903914,3/20/2020,99,81,0.220605784
20200323,5925,0.661114674,3/23/2020,92,78,0.422113017
20200324,4394,0.468218871,3/24/2020,82,63,0.162566702
20200325,4376,0.15970506,3/25/2020,95,72,0.398588113
20200326,3737,0.512080169,3/26/2020,86,77,0.437516955
20200327,5114,0.331824694,3/27/2020,91,63,0.409063707
20200330,4487,0.302878852,3/30/2020,72,72,0.384311328
20200331,4810,0.171772164,3/31/2020,80,71,0.381782546
20200401,1873,0.169032224,4/1/2020,79,70,0.292214215
20200402,3325,0.479066032,4/2/2020,66,66,0.32929691
20200403,2555,0.429631934,4/3/2020,88,87,0.368205019
20200404,3020,0.071706491,4/4/2020,104,67,0.329844804
20200406,4596,0.63999914,4/6/2020,80,79,0.594541444
20200407,3944,0.313549511,4/7/2020,61,66,0.259883683
20200408,4463,0.141728669,4/8/2020,79,80,0.436237733
20200409,1719,0.066626974,4/9/2020,102,0,0.182407374
20200410,1611,0.324567918,4/10/2020,87,53,0.228057095
20200413,2832,0.127233487,4/13/2020,76,76,0.267598515
20200414,3549,0.447333732,4/14/2020,82,80,0.25439652
20200415,4568,0.139566535,4/15/2020,96,81,0.559723803
20200416,6404,0.297607311,4/16/2020,80,71,0.522618553
20200417,5333,0.396009082,4/17/2020,76,64,0.492963615
20200420,5737,0.602573717,4/20/2020,114,104,0.510077255
20200421,5282,0.150893353,4/21/2020,80,81,0.327984209
20200422,4991,0.48488306,4/22/2020,92,90,0.554608383
20200423,6069,0.241569366,4/23/2020,59,67,0.516545728
20200424,4619,0.702821987,4/24/2020,81,61,0.401077894
20200427,3780,0.272384688,4/27/2020,72,78,0.50575977
20200428,7029,0.42054534,4/28/2020,68,69,0.367453897
20200429,4721,0.206991797,4/29/2020,79,77,0.453102154
20200430,4567,0.158729388,4/30/2020,75,66,0.417256038
20200501,5879,0.294219009,5/1/2020,73,58,0.554135966
20200504,5606,0.435247436,5/4/2020,76,78,0.450356517
20200505,5731,0.170302988,5/5/2020,76,67,0.387585006
20200506,4703,0.510791314,5/6/2020,57,73,0.497325798
20200507,5680,0.36420665,5/7/2020,73,73,0.456540765
20200508,3234,0.411479275,5/8/2020,81,67,0.276019889
20200511,4567,0.361631936,5/11/2020,72,76,0.439754874
20200512,3862,0.193892737,5/12/2020,70,73,0.364502858
20200513,3939,0.298897928,5/13/2020,86,68,0.163396135
20200514,4036,0.25673852,5/14/2020,84,80,0.332816107
20200515,4890,0.469934858,5/15/2020,91,85,0.425574946
20200518,5526,0.432781414,5/18/2020,84,75,0.493457471
20200519,6194,0.364304387,5/19/2020,68,80,0.398334606
20200520,5580,0.607292431,5/20/2020,64,65,0.47196855
20200521,3424,0.330252524,5/21/2020,68,69,0.470708887
20200522,4916,0.170892129,5/22/2020,74,70,0.410390388
20200525,5151,0.139479487,5/25/2020,78,80,0.621724221
20200526,6595,0.397430769,5/26/2020,72,76,0.508979646
20200527,4100,0.39548527,5/27/2020,84,85,0.306792318
20200528,4021,0.204171696,5/28/2020,85,79,0.441022878
20200529,6502,0.30001075,5/29/2020,61,88,0.306259578
20200601,4622,0.381575999,6/1/2020,67,87,0.31070129
20200602,3159,0.449695967,6/2/2020,71,73,0.223409027
20200603,4402,0.591525912,6/3/2020,77,73,0.248361316
20200604,4876,0.63853249,6/4/2020,79,74,0.547146793
20200605,4561,0.583924294,6/5/2020,60,69,0.261666982
20200608,4460,0.551121433,6/8/2020,96,102,0.426845416
20200609,5596,0.295265722,6/9/2020,73,76,0.434877337
20200610,3763,0.278985729,6/10/2020,75,81,0.432604059
20200611,4239,0.328135073,6/11/2020,77,78,0.39247059
20200612,5275,0.340893755,6/12/2020,85,77,0.60518291
20200615,5738,0.608365546,6/15/2020,66,79,0.587049545
20200616,4670,0.605598235,6/16/2020,85,87,0.319914138
20200617,4396,0.584886985,6/17/2020,85,77,0.497296018
20200618,6492,0.616406396,6/18/2020,81,82,0.532042646
20200619,4910,0.60543765,6/19/2020,71,60,0.392457786
20200622,4401,0.464399678,6/22/2020,89,102,0.526195605
20200623,4736,0.365268459,6/23/2020,52,62,0.337577258
20200624,5543,0.705194647,6/24/2020,74,70,0.430592628
20200625,4788,0.511248871,6/25/2020,79,90,0.458075138
20200626,3706,0.41700259,6/26/2020,83,84,0.441305341
20200629,3530,0.479522004,6/29/2020,92,77,0.340232881
20200630,4734,0.330385679,6/30/2020,73,69,0.381352477
20200701,3653,0.650498817,7/1/2020,92,110,0.363428333
20200702,2299,0.632659722,7/2/2020,68,66,0.269242608
20200703,3715,0.641619386,7/3/2020,98,74,0.430492247
20200706,4303,0.227798023,7/6/2020,90,74,0.300543754
20200707,4107,0.367509726,7/7/2020,62,68,0.37450439
20200710,3451,0.236122967,7/10/2020,87,73,0.261317411
20200713,4809,0.638637805,7/13/2020,87,87,0.468983738
20200714,3696,0.322597015,7/14/2020,69,70,0.307238833
20200715,4754,0.174712336,7/15/2020,82,76,0.530940456
20200716,4520,0.483830531,7/16/2020,73,88,0.45095745
20200717,4874,0.709739618,7/17/2020,74,73,0.533316523
20200720,3772,0.461665347,7/20/2020,79,90,0.386665252
20200721,4169,0.309196256,7/21/2020,83,89,0.262587265
20200722,6356,0.169448137,7/22/2020,92,94,0.479039836
20200723,3166,0.379234351,7/23/2020,69,93,0.396995884
20200724,5745,0.478601221,7/24/2020,89,82,0.442696163
20200728,5126,0.221090566,7/28/2020,74,81,0.320691545
20200729,4535,0.483896639,7/29/2020,72,67,0.454735851
20200730,4140,0.300120088,7/30/2020,69,60,0.431622161
20200731,4413,0.199499414,7/31/2020,84,69,0.276607078
20200803,4344,0.228219913,8/3/2020,75,78,0.278325091
20200804,3841,0.642562988,8/4/2020,73,76,0.286351873
20200805,4397,0.476658013,8/5/2020,70,71,0.34654864
20200806,4259,0.564796756,8/6/2020,76,65,0.422203119
20200807,4476,0.475766158,8/7/2020,91,79,0.389018235
20200810,4195,0.439891789,8/10/2020,81,74,0.510110147
20200811,4450,0.205220157,8/11/2020,79,73,0.345958955
20200812,4276,0.43138375,8/12/2020,68,73,0.480370922
20200813,4541,0.169037833,8/13/2020,84,64,0.280085541
20200814,5125,0.479010673,8/14/2020,65,70,0.39068224
20200817,4268,0.393277483,8/17/2020,76,95,0.479783322
20200818,4222,0.271458795,8/18/2020,66,80,0.280739043
20200819,4102,0.458562856,8/19/2020,81,102,0.490333571
20200820,6705,0.479946081,8/20/2020,80,80,0.581268994
20200821,3789,0.462520198,8/21/2020,69,74,0.406467026
20200824,5021,0.176612873,8/24/2020,83,109,0.553360057
20200825,4874,0.172282775,8/25/2020,101,102,0.426996956
20200826,5281,0.483699226,8/26/2020,101,84,0.452911554
20200827,6134,0.483425543,8/27/2020,70,85,0.603218644
20200828,5217,0.705337847,8/28/2020,81,76,0.43176166
20200831,3892,0.176641007,8/31/2020,88,92,0.440442502
20200902,3412,0.643330145,9/2/2020,69,77,0.362924315
20200903,4308,0.478476935,9/3/2020,85,78,0.415026401
20200904,4039,0.50278788,9/4/2020,90,73,0.522844394
20200907,5802,0.078742866,9/7/2020,64,93,0.526039894
20200908,7267,0.324742659,9/8/2020,71,74,0.353264453
20200909,5116,0.077778809,9/9/2020,78,66,0.475132332
20200910,4750,0.206699891,9/10/2020,87,76,0.571903049
20200911,4219,0.157892966,9/11/2020,79,79,0.453209877
20200914,3974,0.127603909,9/14/2020,75,78,0.420030515
20200915,4367,0.101437507,9/15/2020,76,71,0.338848462
20200917,5657,0.3145369,9/17/2020,65,75,0.683647812
20200918,6252,0.451324318,9/18/2020,67,59,0.478575642
20200921,4214,0.169953256,9/21/2020,62,85,0.497415077
20200922,7021,0.176023731,9/22/2020,75,72,0.409312398
20200923,4493,0.161031007,9/23/2020,71,71,0.505620741
20200924,5495,0.515217461,9/24/2020,82,70,0.636491573
20200925,4589,0.349722584,9/25/2020,70,77,0.388665875
20200928,5315,0.260316483,9/28/2020,85,80,0.443572394
20200929,7386,0.153792454,9/29/2020,72,61,0.569138381
20200930,2745,0.333438773,9/30/2020,83,69,0.210399423
20201001,3636,0.647150602,10/1/2020,68,72,0.469242942
20201002,2335,0.108940352,10/2/2020,71,56,0.290156646
20201005,4500,0.32218304,10/5/2020,102,100,0.428271538
20201006,6020,0.330532756,10/6/2020,65,72,0.444846447
20201007,5788,0.617160161,10/7/2020,73,83,0.459996702
20201008,3683,0.248254063,10/8/2020,67,78,0.460866942
20201009,1856,0.193583901,10/9/2020,77,71,0.309924206
20201012,3219,0.23754229,10/12/2020,77,117,0.470929266
20201013,5581,0.222432357,10/13/2020,78,68,0.243898019
20201014,3295,0.10549045,10/14/2020,89,80,0.3645381
20201015,3193,0.603627391,10/15/2020,86,79,0.348075701
20201016,3410,0.15008113,10/16/2020,59,59,0.361398899
20201019,4239,0.443317566,10/19/2020,76,82,0.353875019
20201020,4569,0.300209808,10/20/2020,67,65,0.189043423
20201021,8172,0.607583235,10/21/2020,72,72,0.513310933
20201022,5182,0.284055452,10/22/2020,99,86,0.491551296
20201023,4493,0.176489321,10/23/2020,76,69,0.343693254
20201026,4564,0.27938223,10/26/2020,87,83,0.540696939
20201027,2271,0.313754295,10/27/2020,67,60,0.201514795
20201028,3426,0.153984317,10/28/2020,95,128,0.286152462
20201029,5683,0.594161066,10/29/2020,50,60,0.307224648
20201030,2568,0.172151484,10/30/2020,70,84,0.271939318
20201103,7603,0.239750459,11/3/2020,61,77,0.496667362
20201104,5103,0.240177047,11/4/2020,94,64,0.421744857
20201105,3772,0.193562594,11/5/2020,78,85,0.232323641
20201106,2718,0.371851968,11/6/2020,83,69,0.278092729
20201107,2366,0.37601894,11/7/2020,82,64,0.26191623
20201109,4949,0.238389123,11/9/2020,80,77,0.486813963
20201110,6492,0.329434941,11/10/2020,71,79,0.384615583
20201111,8756,0.38476357,11/11/2020,87,93,0.50241925
20201112,4154,0.077417601,11/12/2020,70,64,0.428340201
20201113,5150,0.175566159,11/13/2020,62,70,0.613868333
20201114,3069,0.465575582,11/14/2020,81,70,0.338404003
20201116,4721,0.169845416,11/16/2020,72,67,0.507413261
20201117,6605,0.476658013,11/17/2020,91,82,0.471599802
20201118,2346,0.102806604,11/18/2020,57,72,0.229016145
20201119,6161,0.371259258,11/19/2020,76,73,0.295273446
20201120,2530,0.307434719,11/20/2020,57,72,0.267099843
20201123,3609,0.302375892,11/23/2020,76,105,0.411777216
20201124,8286,0.324742659,11/24/2020,90,77,0.491830823
20201125,5309,0.432113802,11/25/2020,90,80,0.432113802
20201126,5883,0.136557288,11/26/2020,83,68,0.480894206
20201127,2720,0.282329598,11/27/2020,77,63,0.233783213
20201130,5370,0.712758087,11/30/2020,79,76,0.552434898
20201202,4792,0.156117846,12/2/2020,85,71,0.474627845
20201203,4174,0.370989158,12/3/2020,85,62,0.374955839
20201204,2535,0.186526183,12/4/2020,60,71,0.354014576
20201207,3390,0.186505081,12/7/2020,87,100,0.445490669
20201208,5811,0.398817538,12/8/2020,74,65,0.281311577
20201209,3570,0.106851793,12/9/2020,65,78,0.437173582
20201210,4994,0.153123269,12/10/2020,71,72,0.523378015
20201211,3457,0.153574013,12/11/2020,79,68,0.30134768
20201214,4783,0.245272496,12/14/2020,77,72,0.293951464
20201215,4703,0.205908534,12/15/2020,48,68,0.342288835
20201216,2238,0.328228964,12/16/2020,72,62,0.330431993
20201217,2816,0.397964596,12/17/2020,66,70,0.330060221
20201218,4336,0.636770102,12/18/2020,72,63,0.28430611
20201221,3441,0.246404716,12/21/2020,69,79,0.297588134
20201222,4732,0.352350072,12/22/2020,56,69,0.436887065
20201223,3515,0.232393214,12/23/2020,76,72,0.410751618
20201224,5206,0.16848408,12/24/2020,50,58,0.332623569
20201228,2174,0.111563267,12/28/2020,90,64,0.338894629
20201229,6002,0.333862439,12/29/2020,72,70,0.526183858
20201230,5221,0.180610185,12/30/2020,72,62,0.464679058
20201231,5337,0.494551791,12/31/2020,56,61,0.331853974
20210104,3762,0.189648027,1/4/2021,78,81,0.472152806
20210105,5700,0.204566361,1/5/2021,79,81,0.344825664
20210106,4197,0.585263193,1/6/2021,58,62,0.3206978
20210107,4263,0.379834051,1/7/2021,85,80,0.530753498
20210108,2996,0.411051497,1/8/2021,72,65,0.279075508
20210111,5740,0.193948698,1/11/2021,80,88,0.548659317
20210112,7394,0.090643385,1/12/2021,74,73,0.292753005
20210113,4400,0.247199215,1/13/2021,68,82,0.451892065
20210114,5055,0.478047483,1/14/2021,85,69,0.468492642
20210115,5816,0.196487803,1/15/2021,87,75,0.436003903
20210118,4557,0.169845416,1/18/2021,82,82,0.489646119
20210119,6966,0.231924937,1/19/2021,71,79,0.435988397
20210120,6604,0.678199533,1/20/2021,60,63,0.392663539
20210121,4239,0.252964759,1/21/2021,82,98,0.520938278
20210122,4384,0.154676893,1/22/2021,90,75,0.345907472
20210208,3763,0.298859661,2/8/2021,89,76,0.394545398
20210209,6318,0.293254937,2/9/2021,76,92,0.600257679
20210210,2069,0.185753989,2/10/2021,66,44,0.250293159
20210211,3400,0.292050751,2/11/2021,68,87,0.350611267
20210212,3568,0.373178766,2/12/2021,79,74,0.441789389
20210214,4264,0.035360358,2/14/2021,68,65,0.221226086
20210215,5407,0.177612582,2/15/2021,84,72,0.296873604
20210216,6879,0.16848408,2/16/2021,69,74,0.384945212
20210217,4717,0.176601258,2/17/2021,71,88,0.736899606
20210218,6047,0.344979818,2/18/2021,89,93,0.726132503
20210219,5416,0.175398658,2/19/2021,63,75,0.175398658
20210222,5729,0.239750459,2/22/2021,80,85,0.487016721
20210223,4913,0.154756511,2/23/2021,93,78,0.349612805
20210224,2548,0.154503738,2/24/2021,82,78,0.32691262
20210225,4842,0.709897796,2/25/2021,81,71,0.598027102
20210226,4071,0.293505008,2/26/2021,80,96,0.563336097
20210301,4848,0.483896639,3/1/2021,62,78,0.509932704
20210302,3964,0.445808257,3/2/2021,73,71,0.219516751
20210303,2878,0.133395694,3/3/2021,60,64,0.479413811
20210304,6174,0.603807771,3/4/2021,81,71,0.76974464
20210305,6888,0.244109808,3/5/2021,77,77,0.668783486
20210308,6258,0.576095542,3/8/2021,76,82,0.48747839
20210309,5951,0.298571383,3/9/2021,63,76,0.455800391
20210310,3388,0.458388115,3/10/2021,71,75,0.482345408
20210311,4491,0.329337204,3/11/2021,88,88,0.342297704
20210312,2976,0.202601126,3/12/2021,85,74,0.372173374
20210315,4074,0.076960037,3/15/2021,68,62,0.500658565
20210316,4823,0.18816148,3/16/2021,86,89,0.287925922
20210317,4094,0.336535449,3/17/2021,75,71,0.5293346
20210318,2133,0.196770766,3/18/2021,97,85,0.370523524
20210319,4444,0.554146127,3/19/2021,80,64,0.438816441
20210322,4666,0.498939935,3/22/2021,77,83,0.324632117
20210323,4662,0.157859148,3/23/2021,72,127,0.31621465
20210324,4326,0.218681783,3/24/2021,85,72,0.218681783
20210325,4569,0.502828761,3/25/2021,89,74,0.379524216
20210326,4868,0.273740179,3/26/2021,73,76,0.712448545
20210329,6323,0.160634154,3/29/2021,94,78,0.545047845
20210330,4932,0.463435606,3/30/2021,68,82,0.453484235
20210331,1739,0.198634402,3/31/2021,80,76,0.288346358
20210405,4394,0.260629989,4/5/2021,61,65,0.58382315
20210406,4681,0.278852926,4/6/2021,77,76,0.311402193
20210407,5965,0.187935873,4/7/2021,64,80,0.499546859
20210408,5689,0.549616252,4/8/2021,70,70,0.426595434
20210409,6656,0.481338371,4/9/2021,79,54,0.498817058
20210412,6526,0.177456108,4/12/2021,87,80,0.869895995
20210413,6245,0.330483916,4/13/2021,105,94,0.49097838
20210414,3418,0.199890085,4/14/2021,84,67,0.409675918
20210415,4932,0.482191783,4/15/2021,68,67,0.426105806
20210416,2800,0.169037833,4/16/2021,58,65,0.237272219
20210419,4119,0.201728625,4/19/2021,89,90,0.473157435
20210420,5021,0.153334882,4/20/2021,69,78,0.337372326
20210421,5239,0.764061474,4/21/2021,72,61,0.346078454
20210422,4534,0.254994898,4/22/2021,66,77,0.443213103
20210426,4071,0.58055282,4/26/2021,81,80,0.475166576
20210427,4258,0.15453807,4/27/2021,76,82,0.18731052
20210428,3845,0.638658421,4/28/2021,93,81,0.340312587
20210429,3947,0.161781072,4/29/2021,83,76,0.559883919
20210430,2606,0.186045247,4/30/2021,78,64,0.186045247
20210503,4776,0.356287532,5/3/2021,94,71,0.340138492
20210504,4123,0.24890924,5/4/2021,80,84,0.31922789
20210505,3245,0.341741499,5/5/2021,80,64,0.383068346
20210506,4056,0.182226158,5/6/2021,83,75,0.330316547
20210507,3112,0.273838386,5/7/2021,81,72,0.391177682
20210510,175,0,5/10/2021,65,61,0
20210511,4644,0.485410308,5/11/2021,58,68,0.472123497
20210512,7026,0.413021989,5/12/2021,75,62,0.600185139
20210513,2555,0.153442722,5/13/2021,69,71,0.364718362
20210514,2074,0.200698842,5/14/2021,107,69,0.292197357
20210517,2477,0.352604284,5/17/2021,86,73,0.256698785
20210518,6319,0.277791117,5/18/2021,88,65,0.53031409
20210519,3781,0.289794095,5/19/2021,61,66,0.313478557
20210520,5030,0.188186663,5/20/2021,83,63,0.407287868
20210521,4838,0.505332815,5/21/2021,70,65,0.406472488
20210524,4000,0.18443763,5/24/2021,80,60,0.474631251
20210525,6061,0.183458802,5/25/2021,64,60,0.414578359
20210526,4083,0.272191415,5/26/2021,78,67,0.482527961
20210527,4345,0.205507834,5/27/2021,83,72,0.316304722
20210528,3908,0.349992155,5/28/2021,63,67,0.381600198
20210531,3022,0.10530971,5/31/2021,80,70,0.400644889
20210601,4236,0.421482716,6/1/2021,57,66,0.327490411
20210602,3149,0.483226896,6/2/2021,95,70,0.303817403
20210603,2479,0.10101503,6/3/2021,58,62,0.223542066
20210604,2643,0.323955179,6/4/2021,58,58,0.3086024
20210607,4060,0.438159033,6/7/2021,70,62,0.54096607
20210608,4406,0.305394331,6/8/2021,81,64,0.357809247
20210609,3956,0.277354323,6/9/2021,80,94,0.400640953
20210610,3181,0.636356068,6/10/2021,88,72,0.411016461
20210611,1975,0.134629865,6/11/2021,79,57,0.293664184
20210614,4152,0.186900187,6/14/2021,72,83,0.560156632
20210615,5104,0.369998391,6/15/2021,74,71,0.367283913
20210616,4383,0.199960026,6/16/2021,80,63,0.416082542
20210617,3875,0.347883632,6/17/2021,85,47,0.359019219
20210618,2647,0.171079587,6/18/2021,73,74,0.257985231
20210621,4219,0.608824102,6/21/2021,80,74,0.186398416
20210622,5042,0.160945575,6/22/2021,69,72,0.496158938
20210623,3912,0.466986022,6/23/2021,75,50,0.575588294
20210624,4265,0.212420634,6/24/2021,73,71,0.514770241
20210625,1833,0.153792454,6/25/2021,80,71,0.291363945
20210629,4388,0.380431049,6/29/2021,78,61,0.339174009
20210630,3609,0.183962408,6/30/2021,88,77,0.469228669
20210702,1997,0.647974264,7/2/2021,68,71,0.328822202
20210705,4200,0.48563007,7/5/2021,85,103,0.641982495
20210706,5879,0.57067111,7/6/2021,80,103,0.49586972
20210707,4570,0.201271053,7/7/2021,83,92,0.659609551
20210708,4296,0.560305412,7/8/2021,57,65,0.518916568
20210709,2213,0.231467747,7/9/2021,52,59,0.291998769
20210712,4247,0.561269454,7/12/2021,92,65,0.445700887
20210713,4331,0.170764965,7/13/2021,86,74,0.381623311
20210714,4447,0.210469364,7/14/2021,69,78,0.64329555
20210715,3841,0.475101143,7/15/2021,86,91,0.326572154
20210716,3401,0.482450194,7/16/2021,73,75,0.584385258
20210719,4379,0.616599978,7/19/2021,103,74,0.616599978
20210720,5463,0.171820797,7/20/2021,77,74,0.415710563
20210721,5844,0.537007642,7/21/2021,79,81,0.509630505
20210722,4375,0.438893445,7/22/2021,53,65,0.663439699
20210723,3452,0.275535401,7/23/2021,78,73,0.434701539
20210726,5151,0.535164667,7/26/2021,81,71,0.494929525
20210727,4442,0.15302026,7/27/2021,76,68,0.310000916
20210728,4388,0.328135073,7/28/2021,66,73,0.559589003
20210729,3834,0.144668196,7/29/2021,91,86,0.361617868
20210730,4340,0.209101861,7/30/2021,67,68,0.427073607
20210802,5195,0.482378829,8/2/2021,87,70,0.642840401
20210803,4735,0.213400388,8/3/2021,68,62,0.545045084
20210804,3704,0.276792832,8/4/2021,97,78,0.466213784
20210805,2991,0.185671332,8/5/2021,77,72,0.425545166
20210806,5302,0.455576458,8/6/2021,84,74,0.70480311
20210809,4997,0.513394515,8/9/2021,83,72,0.379082429
20210810,4479,0.366100352,8/10/2021,63,73,0.366100352
20210811,4313,0.207697912,8/11/2021,66,64,0.600196005
20210812,5919,0.093980102,8/12/2021,73,70,0.538509005
20210813,2887,0.257696277,8/13/2021,98,75,0.299755804
20210816,4485,0.300191129,8/16/2021,82,73,0.64462411
20210817,5359,0.226638418,8/17/2021,72,76,0.441860812
20210818,3784,0.176023731,8/18/2021,89,79,0.567327124
20210819,5875,0.530052771,8/19/2021,67,72,0.60931232
20210820,4699,0.531871664,8/20/2021,69,72,0.398166209
20210823,3928,0.230460137,8/23/2021,71,71,0.572466391
20210824,4036,0.120679185,8/24/2021,73,80,0.303531826
20210825,3738,0.492927139,8/25/2021,63,62,0.482154926
20210826,4757,0.448398566,8/26/2021,77,75,0.551065927
20210827,427,0.135297112,8/27/2021,55,69,0.158920326
20210830,5677,0.484268764,8/30/2021,94,84,0.548429187
20210831,4463,0.396175659,8/31/2021,78,74,0.467295651
20210902,3680,0.260098512,9/2/2021,90,71,0.521351841
20210903,2966,0.103256415,9/3/2021,69,60,0.394762488
20210906,4045,0.254176288,9/6/2021,74,108,0.595671534
20210907,4651,0.267014029,9/7/2021,105,78,0.27389724
20210908,5190,0.122407249,9/8/2021,73,82,0.711086975
20210909,5687,0.275783886,9/9/2021,85,75,0.474266556
20210910,5829,0.205338555,9/10/2021,82,80,0.385959768
20210913,3659,0.275821448,9/13/2021,100,90,0.572005192
20210914,5827,0.18207635,9/14/2021,79,75,0.479959884
20210917,1984,0.173611967,9/17/2021,78,86,0.295596791
20210920,5103,0.580935429,9/20/2021,67,72,0.40401372
20210921,4300,0.328886959,9/21/2021,70,77,0.332773406
20210923,4022,0.123317775,9/23/2021,66,74,0.306001314
20210924,3813,0.462520198,9/24/2021,77,74,0.162502371
20210927,700,0.181514389,9/27/2021,79,74,0.147301881
20210929,4508,0.398293726,9/29/2021,86,77,0.517466305
20210930,2485,0.097796498,9/30/2021,67,68,0.39042844
20211001,4007,0.332442338,10/1/2021,80,72,0.367598917
20211004,5843,0.058690964,10/4/2021,70,70,0.058690964
20211005,4185,0.504595965,10/5/2021,69,70,0.569141318
20211006,3960,0.186068611,10/6/2021,81,72,0.585671705
20211007,3789,0.401658005,10/7/2021,79,73,0.45966907
20211008,1465,0.215593946,10/8/2021,73,75,0.268947751
20211011,5111,0.861460107,10/11/2021,89,88,0.861460107
20211012,5544,0.647063026,10/12/2021,76,67,0.488151628
20211013,4306,0.564305484,10/13/2021,72,70,0.490666665
20211014,3833,0.266605957,10/14/2021,59,61,0.47223586
20211015,1685,0.082181938,10/15/2021,70,70,0.292368574
20211018,3486,0.286111082,10/18/2021,84,76,0.474227438
20211019,4942,0.154381596,10/19/2021,64,65,0.329802867
20211020,6343,0.788166753,10/20/2021,72,61,0.435073928
20211021,3018,0.173624771,10/21/2021,86,71,0.485316711
20211022,3191,0.18465939,10/22/2021,54,72,0.422196247
20211025,3790,0.18347701,10/25/2021,80,79,0.425616531
20211026,5135,0.169953256,10/26/2021,65,78,0.471859124
20211027,4718,0.176612873,10/27/2021,60,70,0.422340621
20211028,4381,0.468240927,10/28/2021,82,78,0.464101678
20211029,6537,0.277888855,10/29/2021,81,60,0.496354531
20211103,4504,0.462309598,11/3/2021,71,73,0.398374371
20211104,4843,0.275618043,11/4/2021,79,79,0.56664631
20211105,2524,0.252013933,11/5/2021,69,80,0.399338119
20211108,5746,0.159932943,11/8/2021,67,73,0.59294757
20211110,3199,0.396307581,11/10/2021,85,74,0.282965097
20211111,3959,0.572735756,11/11/2021,77,80,0.343254228
20211112,4920,0.641207467,11/12/2021,79,72,0.357003383
20211115,3677,0.110949434,11/15/2021,79,74,0.484766703
20211116,3128,0.250639382,11/16/2021,55,70,0.358205836
20211117,5052,0.53744376,11/17/2021,67,71,0.484109382
20211122,5510,0.513835039,11/22/2021,89,74,0.360023613
20211123,4342,0.260886873,11/23/2021,76,94,0.434224246
20211125,5398,0.483731971,11/25/2021,67,84,0.52090333
20211126,4445,0.174758576,11/26/2021,62,62,0.410252358
20211129,5374,0.549851374,11/29/2021,65,74,0.596979125
20211130,4589,0.36420665,11/30/2021,77,92,0.361011796
20211202,2105,0.577995844,12/2/2021,77,74,0.277932496
20211203,4893,0.477211751,12/3/2021,71,65,0.381183375
20211204,3698,0.399371276,12/4/2021,80,64,0.15882297
20211206,4509,0.415682194,12/6/2021,59,67,0.566035685
20211207,3882,0.567738045,12/7/2021,72,85,0.187953332
20211208,4259,0.487613866,12/8/2021,68,64,0.400194204
20211209,3794,0.202629452,12/9/2021,53,65,0.344950538
20211210,5509,0.330388939,12/10/2021,77,52,0.3196458
20211211,3353,0.49735405,12/11/2021,64,66,0.324485217
20211213,4427,0.552355134,12/13/2021,72,65,0.596539306
20211214,5658,0.587027226,12/14/2021,65,73,0.381141907
20211215,4603,0.371652136,12/15/2021,75,68,0.371652136
20211216,5162,0.479011554,12/16/2021,65,69,0.731596993
20211217,4666,0.532030664,12/17/2021,76,81,0.504624746
20211220,3568,0.313764075,12/20/2021,68,65,0.380977797
20211221,5312,0.600939081,12/21/2021,59,68,0.383274042
20211222,4583,0.284685938,12/22/2021,63,78,0.284685938
20211223,4083,0.123571543,12/23/2021,81,63,0.123571543
20211227,3787,0.242947119,12/27/2021,90,74,0.548677114
20211228,6205,0.577142227,12/28/2021,75,74,0.408345536
20211229,3643,0.419400889,12/29/2021,89,73,0.595632474
20211230,2962,0.144969293,12/30/2021,78,61,0.318106611
20220103,5246,0.417759997,1/3/2022,62,61,0.643168033
20220104,4322,0.234033445,1/4/2022,59,56,0.509274327
20220105,4269,0.214127047,1/5/2022,76,70,0.462119674
20220106,4211,0.48497416,1/6/2022,77,77,0.522859196
20220107,4582,0.629626981,1/7/2022,78,72,0.513907285
20220110,3819,0.268956239,1/10/2022,69,78,0.487146529
20220117,4852,0.248126928,1/17/2022,76,96,0.47258076
20220118,4908,0.277888855,1/18/2022,65,62,0.407512477
20220119,4278,0.363159936,1/19/2022,66,75,0.601147184
20220120,5103,0.458935011,1/20/2022,39,53,0.281253252
20220121,3585,0.594453398,1/21/2022,52,64,0.453789136
20220124,5700,0.291501624,1/24/2022,61,63,0.438692449
20220125,7258,0.649844786,1/25/2022,81,68,0.490565756
20220126,6068,0.499929351,1/26/2022,55,78,0.536615928
20220127,6084,0.377147708,1/27/2022,63,68,0.626191601
20220128,6516,0.219882577,1/28/2022,52,73,0.587756792
20220131,5635,0.209401021,1/31/2022,88,78,0.456335128
20220201,5445,0.245156536,2/1/2022,71,78,0.588582392
20220203,5494,0.513300831,2/3/2022,79,71,0.494217521
20220204,5432,0.189693401,2/4/2022,53,58,0.671301637
20220207,3966,0.370989158,2/7/2022,58,71,0.471252141
20220208,4395,0.224845017,2/8/2022,60,71,0.390621683
20220209,6114,0.16194643,2/9/2022,47,62,0.631688221
20220210,4396,0.359947491,2/10/2022,78,74,0.529992743
20220211,3623,0.422134911,2/11/2022,66,61,0.422134911
20220214,4485,0.230453823,2/14/2022,74,64,0.502419778
20220215,4747,0.41490279,2/15/2022,61,73,0.342785569
20220216,3441,0.222268159,2/16/2022,69,73,0.427423971
20220217,4136,0.565952397,2/17/2022,63,65,0.470781485
20220218,5814,0.175566159,2/18/2022,63,65,0.471166738
20220221,6563,0.375360533,2/21/2022,82,70,0.456249373
20220222,4636,0.280087097,2/22/2022,60,78,0.450355988
20220223,3266,0.364124007,2/23/2022,56,61,0.390149911
20220224,2061,0.268429695,2/24/2022,71,60,0.30047004
20220225,5947,0.098807816,2/25/2022,80,71,0.38797161
20220228,5672,0.280964239,2/28/2022,81,63,0.582622165
20220301,4324,0.290025429,3/1/2022,66,69,0.348747235
20220302,3872,0.179629006,3/2/2022,61,70,0.388917385
20220303,3076,0.552865026,3/3/2022,72,68,0.339034363
20220304,2646,0.345164544,3/4/2022,68,66,0.338494046
20220307,5131,0.31681476,3/7/2022,63,62,0.526429435
20220308,4775,0.344013749,3/8/2022,65,74,0.538847034
20220309,4839,0.393466027,3/9/2022,84,79,0.360011161
20220310,5061,0.639265874,3/10/2022,72,69,0.377509554
20220311,4548,0.33177935,3/11/2022,74,66,0.453541914
20220315,4055,0.105887736,3/15/2022,66,74,0.442600246
20220316,4073,0.17000189,3/16/2022,86,67,0.414701764
20220317,7483,0.478019319,3/17/2022,80,63,0.405798546
20220318,4298,0.300249132,3/18/2022,80,103,0.36699957
20220321,5533,0.24334218,3/21/2022,50,64,0.514091306
20220322,5735,0.590639578,3/22/2022,90,63,0.497816893
20220323,4702,0.349992155,3/23/2022,67,62,0.453680533
20220324,5672,0.710668183,3/24/2022,68,78,0.569477173
20220325,4908,0.728610302,3/25/2022,68,83,0.410772469
20220328,4706,0.363159936,3/28/2022,92,73,0.449303254
20220329,4260,0.513828049,3/29/2022,53,57,0.444368097
20220330,4529,0.395611847,3/30/2022,91,76,0.552904732
20220331,5794,0.551750325,3/31/2022,89,78,0.539268468
20220401,3685,0.192952982,4/1/2022,71,62,0.517413501
20220404,4654,0.109670234,4/4/2022,84,78,0.479910898
20220405,4509,0.208094192,4/5/2022,64,61,0.494313497
20220406,4323,0.290265749,4/6/2022,80,57,0.495494629
20220407,6103,0.465236408,4/7/2022,82,60,0.625903557
20220408,2251,0.383384026,4/8/2022,57,63,0.425567193
20220411,5272,0.278771341,4/11/2022,81,69,0.562161544
20220413,3632,0.250699818,4/13/2022,61,58,0.250699818
20220418,3950,0.164969362,4/18/2022,90,62,0.475119175
20220419,4773,0.243993862,4/19/2022,57,65,0.351709316
20220420,1927,0.444393207,4/20/2022,69,56,0.289337478
20220421,4019,0.101756256,4/21/2022,75,72,0.464244819
20220422,5757,0.606618136,4/22/2022,70,91,0.461484733
20220425,4969,0.248254063,4/25/2022,73,70,0.550053134
20220426,5263,0.326343111,4/26/2022,70,63,0.393959031
20220427,3982,0.15769429,4/27/2022,58,61,0.351100131
20220428,5775,0.481216111,4/28/2022,71,69,0.616508421
20220429,6203,0.553132159,4/29/2022,42,60,0.590218555
20220502,5024,0.627633406,5/2/2022,93,86,0.448107497
20220503,5710,0.397430769,5/3/2022,64,60,0.462634617
20220504,4447,0.301155201,5/4/2022,77,65,0.494245362
20220505,3649,0.634186871,5/5/2022,77,66,0.353724829
20220509,5094,0.300191129,5/9/2022,90,72,0.491882041
20220510,4241,0.326974646,5/10/2022,72,65,0.389065518
20220511,3912,0.159055625,5/11/2022,78,78,0.589579796
20220512,3790,0.322416636,5/12/2022,61,61,0.316183167
20220513,6125,0.414339301,5/13/2022,71,61,0.58636644
20220516,4830,0.326132188,5/16/2022,82,72,0.526374986
20220517,4657,0.159819714,5/17/2022,72,74,0.430911978
20220518,3970,0.118045859,5/18/2022,72,64,0.383215246
20220519,4058,0.634870388,5/19/2022,75,74,0.398679096
20220520,6055,0.590639578,5/20/2022,81,85,0.395081192
20220523,4992,0.581798092,5/23/2022,69,72,0.298958867
20220524,3044,0.273209994,5/24/2022,118,89,0.330401215
20220525,4638,0.341461414,5/25/2022,65,75,0.538083459
20220526,5114,0.478019319,5/26/2022,86,73,0.55700307
20220527,5611,0.48300358,5/27/2022,77,86,0.510938801
20220530,3594,0.552284122,5/30/2022,64,63,0.442324948
20220531,6613,0.420597058,5/31/2022,49,68,0.586496365
20220601,4351,0.276744404,6/1/2022,75,71,0.371742747
20220602,6064,0.608365546,6/2/2022,73,86,0.453565174
20220603,4533,1,6/3/2022,57,64,1
20220606,4861,0.274197354,6/6/2022,94,90,0.546637313
20220607,6398,0.17262838,6/7/2022,78,65,0.557270027
20220608,4511,0.228811301,6/8/2022,76,62,0.477824461
20220609,5668,0.608455178,6/9/2022,73,66,0.512032416
20220610,5476,0.547527347,6/10/2022,78,74,0.563885048
20220613,5007,0.262127505,6/13/2022,96,64,0.486421897
20220614,5437,0.396116922,6/14/2022,90,72,0.49003284
20220615,4655,0.555656184,6/15/2022,71,65,0.5243215
20220616,5451,0.531439422,6/16/2022,88,87,0.572562014
20220617,2257,0.327435463,6/17/2022,61,75,0.277853554
20220620,4955,0.694485458,6/20/2022,63,63,0.334799697
20220621,5408,0.396666431,6/21/2022,73,84,0.467129368
20220622,4237,0.433457207,6/22/2022,91,81,0.520599838
20220623,3445,0.536922121,6/23/2022,69,79,0.347508747
20220624,3667,0.583729054,6/24/2022,62,69,0.491031302
20220627,3495,0.305446988,6/27/2022,54,55,0.446949566
20220628,5382,0.239435837,6/28/2022,70,62,0.446292422
20220629,5020,0.176023731,6/29/2022,83,81,0.475438408
20220630,5401,0.686596443,6/30/2022,73,65,0.494691349
20220704,5375,0.583709789,7/4/2022,76,80,0.515016935
20220705,5721,0.177492907,7/5/2022,53,54,0.38377988
20220706,3673,0.30772523,7/6/2022,70,57,0.296492581
20220707,5140,0.198888129,7/7/2022,91,78,0.461465115
20220708,4017,0.284644667,7/8/2022,78,68,0.46614142
20220711,3755,0.275932636,7/11/2022,71,63,0.36682712
20220714,5561,0.538181608,7/14/2022,73,73,0.475594236
20220715,2127,0.159584239,7/15/2022,64,62,0.283517191
20220718,5145,0.362791394,7/18/2022,71,92,0.516936267
20220719,4524,0.14681779,7/19/2022,57,56,0.398777068
20220720,6857,0.7150632,7/20/2022,68,70,0.570806145
20220721,7385,0.394647776,7/21/2022,80,66,0.503852068
20220722,4858,0.691633155,7/22/2022,75,72,0.398740887
20220725,6030,0.554680512,7/25/2022,84,81,0.61474198
20220726,6030,0.616960163,7/26/2022,60,69,0.518150879
20220727,4827,0.258943694,7/27/2022,66,61,0.588542862
20220728,5253,0.472727778,7/28/2022,79,66,0.403720096
20220729,1616,0.208267171,7/29/2022,63,60,0.238739574
20220801,4684,0.334003231,8/1/2022,63,75,0.569944716
20220802,5183,0.264559313,8/2/2022,74,60,0.357905781
20220803,4324,0.387294437,8/3/2022,86,68,0.406032434
20220804,5660,0.158709535,8/4/2022,74,71,0.377481214
20220805,4813,0.310622524,8/5/2022,90,77,0.478973405
20220808,5927,0.247289992,8/8/2022,81,76,0.624988149
20220809,7691,0.309283509,8/9/2022,53,60,0.432640476
20220810,4593,0.176601258,8/10/2022,64,64,0.503264115
20220811,5699,0.603537759,8/11/2022,81,66,0.426034383
20220812,3674,0.370096569,8/12/2022,62,66,0.42651843
20220815,4935,0.637002346,8/15/2022,70,62,0.543795113
20220816,6263,0.365268459,8/16/2022,62,69,0.39949706
20220817,5712,0.550815416,8/17/2022,63,61,0.470450917
20220818,6059,0.301837249,8/18/2022,85,81,0.413450912
20220819,6718,0.515909906,8/19/2022,65,64,0.445142655
20220822,5139,0.505711195,8/22/2022,78,65,0.476659775
20220823,4863,0.294399388,8/23/2022,83,74,0.431785507
20220824,4206,0.490340825,8/24/2022,96,93,0.288124687
20220825,5323,0.472727778,8/25/2022,58,62,0.295693676
20220826,5206,0.138435285,8/26/2022,66,64,0.402699021
20220829,3951,0.10801446,8/29/2022,98,76,0.473004133
20220830,4871,0.29563356,8/30/2022,71,63,0.393426879
20220831,3735,0.503560324,8/31/2022,78,75,0.429879567
20220902,7300,0.671334294,9/2/2022,77,73,0.477348812
20220905,4605,0.185960066,9/5/2022,67,61,0.515308444
20220906,6945,0.298464864,9/6/2022,68,73,0.518138309
20220907,3303,0.169845416,9/7/2022,70,61,0.399174303
20220908,5435,0.608294534,9/8/2022,74,79,0.384549211
20220909,4468,0.162861956,9/9/2022,76,64,0.328953126
20220912,4777,0.584214922,9/12/2022,70,73,0.510948141
20220913,5115,0.639294009,9/13/2022,74,81,0.428689448
20220914,4014,0.651884528,9/14/2022,102,67,0.388171725
20220915,5349,0.653474466,9/15/2022,68,81,0.468101046
20220919,5439,0.400418342,9/19/2022,75,67,0.524127669
20220920,6631,0.661540278,9/20/2022,82,71,0.388263706
20220921,4705,0.17262838,9/21/2022,91,66,0.555170492
20220922,5167,0.442052382,9/22/2022,77,69,0.454625896
20220923,4862,0.113168095,9/23/2022,86,85,0.532065788
20220926,4399,0.176558351,9/26/2022,60,98,0.409590632
20220927,5349,0.549900008,9/27/2022,79,76,0.538945476
20220928,5048,0.481419574,9/28/2022,85,88,0.538692439
20220929,5624,0.465470356,9/29/2022,83,60,0.528124805
20220930,2957,0.262291409,9/30/2022,73,65,0.380436276
20221003,4618,0.507807442,10/3/2022,78,65,0.535620168
20221004,5699,0.190673551,10/4/2022,71,75,0.535402961
20221005,4696,0.365268459,10/5/2022,87,64,0.578988726
20221006,6432,0.561693531,10/6/2022,63,64,0.505960355
20221007,1629,0.226990441,10/7/2022,70,50,0.242060007
20221010,4009,0.579297151,10/10/2022,78,96,0.456206378
20221011,5550,0.109479311,10/11/2022,74,88,0.515625034
20221012,4792,0.603537759,10/12/2022,68,80,0.405089303
20221013,5524,0.378353422,10/13/2022,86,71,0.49633086
20221014,4735,0.693276015,10/14/2022,93,63,0.45444722
20221017,6565,0.588508031,10/17/2022,88,75,0.580618898
20221018,4758,0.420591742,10/18/2022,53,72,0.358186101
20221019,4934,0.176648526,10/19/2022,73,83,0.400674786
20221020,5932,0.792723471,10/20/2022,74,64,0.323425728
20221021,3598,0.290407099,10/21/2022,77,87,0.348357401
20221024,5591,0.240208031,10/24/2022,82,75,0.564478346
20221025,6325,0.364124007,10/25/2022,91,80,0.629997021
20221026,5018,0.171772164,10/26/2022,88,75,0.584972741
20221027,7396,0.753402563,10/27/2022,92,107,0.417339679
20221028,5973,0.672478716,10/28/2022,77,56,0.466911338
20221031,4963,0.627396933,10/31/2022,92,111,0.596561861
20221101,4853,0.21637849,11/1/2022,59,62,0.406789842
20221103,6209,0.240208031,11/3/2022,91,104,0.438614623
20221104,4921,0.365268459,11/4/2022,82,92,0.575195993
20221107,5656,0.582152684,11/7/2022,70,104,0.590466658
20221108,7460,0.685728376,11/8/2022,56,64,0.497934543
20221109,4134,0.256341109,11/9/2022,64,79,0.450249558
20221110,6643,0.671334294,11/10/2022,55,68,0.552802765
20221111,6764,0.477211751,11/11/2022,75,85,0.582603546
20221114,5748,0.54934624,11/14/2022,70,0,0.665978349
20221115,5026,0.400828323,11/15/2022,55,60,0.439001344
20221116,3254,0.29977272,11/16/2022,55,69,0.398655131
20221117,6443,0.483604836,11/17/2022,63,62,0.485375448
20221118,6039,0.148195689,11/18/2022,68,67,0.502737014
20221121,6021,0.489376753,11/21/2022,75,68,0.643457427
20221122,5245,0.595602107,11/22/2022,72,110,0.298422133
20221123,4963,0.512766681,11/23/2022,58,68,0.386283934
20221124,6216,0.732537717,11/24/2022,71,66,0.531199308
20221125,3582,0,11/25/2022,68,62,0
20221128,5225,0.542399534,11/28/2022,62,72,0.640705505
20221129,4941,0.317966524,11/29/2022,81,75,0.459136213
20221130,3315,0.407973382,11/30/2022,61,73,0.334230893
20221201,5846,0.235470874,12/1/2022,68,65,0.403509291
20221202,3578,0.609683828,12/2/2022,72,53,0.375537389
20221205,4623,0.678199533,12/5/2022,92,75,0.552511432
20221206,5137,0.099615406,12/6/2022,78,71,0.47089749
20221207,5592,0.548888683,12/7/2022,82,77,0.570787173
20221208,5969,0.548888683,12/8/2022,80,85,0.475868594
20221209,6398,0.482036425,12/9/2022,71,54,0.55542159
20221213,5963,0.158658346,12/13/2022,58,69,0.607662471
20221214,3315,0.35945801,12/14/2022,60,62,0.364411346
20221215,4496,0.588261279,12/15/2022,79,61,0.4006332
20221216,5541,0.106806801,12/16/2022,76,60,0.572641602
20221219,5493,0.418119699,12/19/2022,107,97,0.589991598
20221220,7071,0.306166539,12/20/2022,71,97,0.264099289
20221221,4410,0.280471909,12/21/2022,66,66,0.516949776
20221222,6735,0.620729108,12/22/2022,65,70,0.374927821
20221223,7186,0.615729105,12/23/2022,59,63,0.661001254
20221226,7087,0.3904554,12/26/2022,81,78,0.595076063
20221227,4995,0.64089076,12/27/2022,66,68,0.422769985
20221228,41,0.047862325,12/28/2022,68,96,0.147093484
20221230,4140,0.459268957,12/30/2022,84,86,0.331705635
20230102,6372,0.246506183,1/2/2023,93,91,0.522201465
20230105,2986,0.233484949,1/5/2023,77,77,0.304644971
20230109,5500,0.43654701,1/9/2023,72,97,0.439778017
20230112,7168,0.42961863,1/12/2023,66,74,0.522898902
20230113,2925,0.532378149,1/13/2023,59,72,0.395717426
20230116,6629,0.27524351,1/16/2023,85,90,0.598504923
20230117,6272,0.634278324,1/17/2023,66,82,0.416464681
20230118,5295,0.308681871,1/18/2023,57,71,0.577454352
20230120,6584,0.609258576,1/20/2023,59,69,0.484543563
20230123,6424,0.618861405,1/23/2023,70,93,0.598503279
20230124,5001,0.232121602,1/24/2023,62,63,0.576849719
20230125,6223,0.171664323,1/25/2023,74,66,0.737903413
20230126,6561,0.632916988,1/26/2023,62,60,0.485348899
20230127,3163,0.361639395,1/27/2023,79,59,0.214108721
20230130,6154,0.210291231,1/30/2023,88,96,0.60377435
20230131,3758,0.229319666,1/31/2023,67,65,0.413719044
20230201,3692,0.444492971,2/1/2023,82,87,0.498828688
20230202,4199,0.146441788,2/2/2023,67,74,0.566288076
20230203,4041,0.304019075,2/3/2023,65,74,0.547402356
20230206,4929,0.394668157,2/6/2023,57,59,0.480163817
20230207,6790,0.200764569,2/7/2023,69,71,0.349397242
20230208,5808,0.22323994,2/8/2023,81,67,0.440002625
20230209,1439,0.258910595,2/9/2023,84,82,0.285995988
20230210,4115,0.301829995,2/10/2023,92,77,0.3543398
20230213,5301,0.173611967,2/13/2023,50,70,0.358241724
20230214,5662,0.476658013,2/14/2023,76,59,0.549620481
20230215,4825,0.701795919,2/15/2023,65,72,0.492527849
20230216,5002,0.412259971,2/16/2023,61,62,0.470510417
20230217,5358,0.667705554,2/17/2023,64,69,0.384212005
20230220,7959,0.303848592,2/20/2023,72,78,0.555856005
20230221,3480,0.302950012,2/21/2023,78,70,0.430377241
20230222,3914,0.31202013,2/22/2023,69,65,0.446524666
20230223,4610,0.177563949,2/23/2023,63,67,0.527856908
20230224,3306,0.157859148,2/24/2023,84,65,0.482339535
20230227,3725,0.19862493,2/27/2023,88,74,0.433217386
20230228,7595,0.331981197,2/28/2023,58,73,0.658921864
20230301,2824,0.430830011,3/1/2023,70,51,0.3189039
20230302,4166,0.200764569,3/2/2023,78,78,0.461710222
20230303,4561,0.186987602,3/3/2023,63,62,0.545598793
20230306,5307,0.246553466,3/6/2023,74,85,0.480896731
20230307,6013,0.251410709,3/7/2023,76,64,0.266691037
20230308,5139,0.556428392,3/8/2023,71,68,0.547728578
20230309,3341,0.408142543,3/9/2023,71,84,0.421881243
20230310,4399,0.531359696,3/10/2023,70,74,0.531359696
20230313,5841,0.655968182,3/13/2023,59,58,0.514893764
20230314,5100,0.224661568,3/14/2023,65,61,0.469013517
20230315,4363,0.708661158,3/15/2023,72,57,0.376684248
20230316,5903,0.186151928,3/16/2023,74,73,0.429578895
20230317,4445,0.593836606,3/17/2023,64,81,0.324956636
20230320,7917,0.553330806,3/20/2023,73,74,0.484470201
20230321,4912,0.276171782,3/21/2023,70,62,0.303146485
20230322,5653,0.577239964,3/22/2023,75,71,0.325952513
20230323,2769,0.207369751,3/23/2023,80,70,0.329486923
20230324,3766,0.257191525,3/24/2023,76,71,0.406526702
20230327,7853,0.145369891,3/27/2023,73,68,0.654220008
20230328,6733,0.4979114,3/28/2023,66,62,0.411446529
20230331,3762,0.318492686,3/31/2023,105,78,0.505678773
20230403,5519,0.387960303,4/3/2023,73,64,0.544805322
20230404,7384,0.505809814,4/4/2023,82,75,0.330889815
20230405,5920,0.293254937,4/5/2023,58,57,0.63386523
20230410,6713,0.368880635,4/10/2023,70,70,0.418825536
20230411,5640,0.38057046,4/11/2023,69,60,0.393902468
20230412,4762,0.486630969,4/12/2023,64,62,0.444189186
20230413,4048,0.485161823,4/13/2023,74,65,0.449024139
20230414,6230,0.339858906,4/14/2023,63,63,0.581510283
20230417,6301,0.74111577,4/17/2023,66,62,0.314141839
20230418,5483,0.586063184,4/18/2023,60,59,0.244458188
20230419,6197,0.607150112,4/19/2023,77,58,0.478681132
20230420,3197,0.368951677,4/20/2023,69,46,0.375559885
20230421,3286,0.471209645,4/21/2023,59,57,0.271977614
20230428,7659,0.364124007,4/28/2023,60,61,0.652067375
20230501,9370,0.304812663,5/1/2023,81,57,0.548401346
20230502,6342,0.572502866,5/2/2023,88,84,0.348500747
20230503,3621,0.29684497,5/3/2023,65,62,0.342436322
20230504,6184,0.459370424,5/4/2023,78,70,0.44747097
20230505,5649,0.537134924,5/5/2023,78,67,0.372439861
20230508,6557,0.387275171,5/8/2023,73,91,0.504704334
20230509,4747,0.153442722,5/9/2023,67,66,0.497788406
20230510,2298,0.143401881,5/10/2023,65,91,0.271006348
20230511,5535,0.432466263,5/11/2023,78,73,0.471607144
20230512,6382,0.509130657,5/12/2023,83,61,0.393197513
20230515,7579,0.418475437,5/15/2023,59,88,0.525251651
20230516,6722,0.451324318,5/16/2023,73,56,0.454540024
20230517,5196,0.181203379,5/17/2023,44,65,0.505681827
20230518,4238,0.300120088,5/18/2023,75,64,0.431524012
20230519,4522,0.136987269,5/19/2023,75,59,0.533126334
20230522,4412,0.382357282,5/22/2023,76,72,0.418304132
20230523,4351,0.230887431,5/23/2023,76,67,0.387487093
20230524,5448,0.522777024,5/24/2023,86,76,0.447338871
20230525,5608,0.177385067,5/25/2023,80,82,0.531937802
20230526,5278,0.154298939,5/26/2023,74,84,0.508178774
20230529,5939,0.368951677,5/29/2023,91,91,0.500401005
20230530,5242,0.530356145,5/30/2023,79,74,0.414946519
20230531,3685,0.412652213,5/31/2023,90,74,0.273645613
20230601,4449,0.53334084,6/1/2023,71,75,0.450425591
20230602,4005,0.681563313,6/2/2023,76,67,0.431131477
20230605,4462,0.247361034,6/5/2023,73,74,0.416619158
20230606,3218,0.317578217,6/6/2023,83,94,0.372877918
20230607,4125,0.132559272,6/7/2023,79,71,0.521737623
20230608,6914,0.693276015,6/8/2023,63,66,0.766396954
20230609,3821,0.293479076,6/9/2023,76,70,0.493741873
20230612,6586,0.247289992,6/12/2023,95,93,0.5594004
20230613,5971,0.617563328,6/13/2023,55,62,0.54214591
20230614,3706,0.617085389,6/14/2023,71,55,0.408375316
20230615,4165,0.643980123,6/15/2023,78,62,0.523735956
20230616,2988,0.586431168,6/16/2023,82,65,0.376035768
20230619,6335,0.36498946,6/19/2023,72,66,0.503137303
20230620,7240,0.655968182,6/20/2023,75,61,0.650474617
20230621,4424,0.181558059,6/21/2023,62,64,0.518550052
20230623,4641,0.273533309,6/23/2023,90,80,0.557233435
20230626,4118,0.509028338,6/26/2023,79,80,0.526067853
20230627,4796,0.144619562,6/27/2023,76,72,0.477779468
20230628,5157,0.327399634,6/28/2023,69,69,0.72735804
20230629,5174,0.230887431,6/29/2023,77,65,0.536188796
20230630,5619,0.566535415,6/30/2023,53,62,0.44558776
20230703,5142,0.245073894,7/3/2023,54,84,0.626764811
20230704,6183,0.294399388,7/4/2023,77,58,0.700847384
20230705,4143,0.381393887,7/5/2023,63,64,0.59974209
20230706,3978,0.446392568,7/6/2023,58,63,0.48199158
20230707,4633,0.335140986,7/7/2023,64,59,0.498303701
20230710,6688,0.806304405,7/10/2023,73,79,0.56588579
20230711,5763,0.491768151,7/11/2023,78,60,0.452353969
20230713,4786,0.248325105,7/13/2023,70,74,0.538086749
20230714,6335,0.679234587,7/14/2023,59,45,0.5957456
20230717,4440,0.504354911,7/17/2023,75,108,0.416270557
20230718,7157,0.67147209,7/18/2023,74,71,0.531161246
20230719,6390,0.281905287,7/19/2023,66,77,0.281905287
20230720,4313,0.448642557,7/20/2023,70,69,0.469072195
20230721,6085,0.299202418,7/21/2023,75,61,0.533697136
20230725,6123,0.476687117,7/25/2023,77,60,0.330630699
20230726,3814,0.654823761,7/26/2023,70,46,0.253396796
20230727,4821,0.620067911,7/27/2023,70,72,0.524325083
20230728,4861,0.266218061,7/28/2023,66,67,0.506013923
20230731,5229,0.67281416,7/31/2023,82,71,0.609773871
20230801,7293,0.548888683,8/1/2023,69,52,0.58968235
20230802,5623,0.638845791,8/2/2023,70,50,0.636442822
20230803,5172,0.48563007,8/3/2023,70,65,0.549507824
20230804,3585,0.269026869,8/4/2023,77,70,0.474493925
20230807,4397,0.554103015,8/7/2023,77,89,0.467896701
20230808,5868,0.648686913,8/8/2023,62,76,0.488268748
20230809,6169,0.169845416,8/9/2023,56,77,0.614816046
20230810,4885,0.177492907,8/10/2023,62,61,0.490082061
20230811,3676,0.276896707,8/11/2023,79,69,0.427701031
20230814,3302,0.13489295,8/14/2023,59,60,0.13489295
20230815,4530,0.41406926,8/15/2023,60,60,0.57693612
20230816,4017,0.230958473,8/16/2023,65,57,0.243489976
20230817,5036,0.610094749,8/17/2023,57,61,0.621019031
20230818,3446,0.263766752,8/18/2023,88,74,0.429018725
20230821,5390,0.267002986,8/21/2023,63,60,0.486922508
20230822,6603,0.599358071,8/22/2023,68,47,0.473815754
20230823,7053,0.516548371,8/23/2023,65,60,0.824545022
20230824,3922,0.382199663,8/24/2023,68,78,0.325064888
20230825,5998,0.495692688,8/25/2023,74,69,0.551300403
20230828,5931,0.401354983,8/28/2023,100,73,0.752958809
20230829,6356,0.161031007,8/29/2023,79,76,0.554668412
20230830,5191,0.73562849,8/30/2023,69,71,0.50538186
20230831,5101,0.199089756,8/31/2023,75,63,0.610028435
20230904,2657,0.307835038,9/4/2023,93,60,0.33166452
20230905,5768,0.447880216,9/5/2023,69,61,0.330023334
20230906,4282,0.177919686,9/6/2023,68,54,0.422022504
20230907,4024,0.150761079,9/7/2023,71,63,0.507880804
20230908,4500,0.111880106,9/8/2023,69,63,0.493966599
20230913,3717,0.591784,9/13/2023,63,65,0.422578445
20230914,3616,0.151759335,9/14/2023,61,63,0.531597659
20230918,5928,0.381293271,9/18/2023,65,61,0.456102943
20230921,5179,0.224661568,9/21/2023,76,56,0.391632773
20230926,6337,0.275932636,9/26/2023,93,65,0.695302307
20230927,5034,0.495584848,9/27/2023,81,74,0.497435987
20230928,4815,0.661326301,9/28/2023,73,83,0.62875586
20230929,4811,0.119987658,9/29/2023,61,67,0.426786797
20231002,6411,0.418788444,10/2/2023,58,60,0.524225583
20231003,5792,0.598154912,10/3/2023,71,63,0.480730213
20231004,4899,0.178420165,10/4/2023,65,65,0.515297284
20231005,4174,0.280703713,10/5/2023,65,75,0.361439339
20231006,3850,0.275558661,10/6/2023,65,61,0.334296091
20231009,6655,0.347613533,10/9/2023,60,62,0.476551993
20231010,5613,0.497133729,10/10/2023,47,56,0.422869132
20231011,3407,0.336535449,10/11/2023,55,50,0.330279572
20231013,4251,0.25381453,10/13/2023,67,68,0.513229583
20231017,5256,0.553753298,10/17/2023,91,61,0.465006807
20231018,5517,0.180480083,10/18/2023,72,80,0.697779342
20231019,4421,0.161937546,10/19/2023,63,63,0.613401731
20231020,4376,0.333930104,10/20/2023,73,70,0.502850846
20231023,4206,0.806903802,10/23/2023,81,97,0.806903802
20231024,5181,0.295536057,10/24/2023,56,68,0.448487698
20231026,6090,0.251126483,10/26/2023,67,57,0.547464088
20231027,5555,0.349272838,10/27/2023,78,58,0.465206923
20231030,7619,0.213501988,10/30/2023,71,65,0.494619925
20231031,5156,0.375979968,10/31/2023,89,69,0.424420421
20231101,5056,0.344055658,11/1/2023,53,56,0.410398024
20231103,4604,0.285751703,11/3/2023,79,80,0.429682682
20231106,6588,0.668705601,11/6/2023,86,66,0.369926997
20231108,7739,0.295453943,11/8/2023,68,63,0.553830654
20231109,5799,0.346748608,11/9/2023,78,76,0.3993948
20231110,5541,0.559698018,11/10/2023,67,60,0.502323216
20231113,5894,0.407938903,11/13/2023,61,58,0.385850988
20231114,9378,0.545114217,11/14/2023,54,56,0.500189554
20231115,3358,0.166072301,11/15/2023,71,63,0.360610097
20231121,5560,0.191265674,11/21/2023,64,58,0.361141603
20231122,3972,0.38476357,11/22/2023,64,53,0.397731441
20231123,5496,0.295207456,11/23/2023,56,59,0.262212027
20231124,6470,0.554768205,11/24/2023,64,58,0.409283969
20231127,4787,0.339682021,11/27/2023,78,63,0.453524352
20231128,4720,0.570675927,11/28/2023,64,62,0.396576095
20231129,6053,0.375897326,11/29/2023,79,56,0.574504606
20231130,5224,0.775662283,11/30/2023,73,62,0.555656888
20231201,2668,0.199855563,12/1/2023,63,58,0.306461984
20231204,5802,0.327081664,12/4/2023,77,60,0.492762618
20231205,4490,0.13636428,12/5/2023,58,75,0.481263658
20231206,4537,0.822328013,12/6/2023,57,53,0.391380206
20231207,4458,0.507835224,12/7/2023,67,62,0.328527668
20231208,4565,0.183629549,12/8/2023,95,62,0.379121254
20231211,5747,0.691007788,12/11/2023,65,58,0.469435598
20231213,6880,0.607065062,12/13/2023,64,56,0.436114504
20231214,6244,0.434254789,12/14/2023,74,58,0.526804878
20231215,5244,0.14593335,12/15/2023,67,64,0.373283758
20231218,6228,0.56066206,12/18/2023,57,67,0.548622371
20231219,5051,0.538805096,12/19/2023,59,62,0.484812282
20231220,5504,0.418708033,12/20/2023,59,40,0.376917872
20231221,3480,0.102671678,12/21/2023,59,57,0.255930747
20231222,6121,0.256431123,12/22/2023,65,52,0.326576119
20231226,5256,0.460452821,12/26/2023,59,45,0.396729103
20231229,6617,0.309669231,12/29/2023,73,56,0.480838054
20240102,6038,0.485666898,1/2/2024,58,58,0.58037291
20240103,3901,0.5762788,1/3/2024,68,59,0.357748132
20240104,6151,0.607131845,1/4/2024,66,53,0.648181368
20240105,4915,0.614954665,1/5/2024,56,65,0.307929633
20240108,4097,0.105199712,1/8/2024,77,72,0.32884787
20240109,6443,0.246506183,1/9/2024,75,55,0.680355632
20240110,5874,0.197733428,1/10/2024,74,56,0.292831124
20240111,5479,0.243131449,1/11/2024,51,56,0.712589983
20240112,3919,0.28192831,1/12/2024,61,54,0.493524196
20240115,5296,0.346166588,1/15/2024,78,80,0.580835812
20240117,4930,0.241698058,1/17/2024,72,53,0.654382238
20240118,5523,0.38981993,1/18/2024,54,56,0.669060957
20240119,4372,0.340063808,1/19/2024,61,56,0.415585925
20240122,5736,0.614801127,1/22/2024,73,57,0.488920958
20240124,3555,0.514760256,1/24/2024,86,57,0.501797348
20240125,5889,0.162559374,1/25/2024,69,58,0.425653946
20240126,4842,0.650250537,1/26/2024,74,58,0.45944546
20240129,6676,0.547924641,1/29/2024,91,67,0.69956822
20240131,7274,0.485559058,1/31/2024,77,49,0.880093648
20240201,5701,0.368787009,2/1/2024,69,52,0.576820351
20240202,4985,0.141759932,2/2/2024,76,60,0.586380361
20240206,5904,0.230887431,2/6/2024,78,68,0.678881463
20240208,5161,0.13150551,2/8/2024,62,45,0.573762412
20240212,5451,0.381943278,2/12/2024,80,67,0.499478842
20240213,4940,0.444185661,2/13/2024,82,69,0.519879611
20240214,6419,0.473282221,2/14/2024,61,61,0.62223517
20240215,6998,0.57878632,2/15/2024,59,56,0.406487525
20240216,5537,0.131661984,2/16/2024,71,49,0.627867353
20240219,5169,0.539876978,2/19/2024,63,67,0.495051756
20240220,7456,0.549147417,2/20/2024,57,52,0.543190245
20240222,4650,0.452685625,2/22/2024,59,99,0.438631363
20240223,5733,0.228960683,2/23/2024,87,61,0.719075255
