id,num_words,score,dates,homicidios_fuentes_gobierno,homicidios_fuentes_abiertas
20190103,3118,0.2181476181615953,2019-01-03,,66.0
20190104,2143,0.4655208985766638,2019-01-04,,83.0
20190107,2272,0.5712074917425279,2019-01-07,,88.0
20190108,1830,0.4580091182174889,2019-01-08,,80.0
20190109,1633,0.4075540913771027,2019-01-09,,78.0
20190110,3101,0.2616831046731575,2019-01-10,,60.0
20190111,2613,0.0,2019-01-11,,74.0
20190114,4020,0.3095753997110801,2019-01-14,,77.0
20190115,2622,0.4681211336280988,2019-01-15,,77.0
20190116,3331,0.160110077543751,2019-01-16,,0.0
20190117,2392,0.2070241163379472,2019-01-17,,0.0
20190119,3465,0.1930296629796857,2019-01-19,,0.0
20190120,2491,0.1895845622536928,2019-01-20,,0.0
20190121,3494,0.1082068878541821,2019-01-21,,86.0
20190122,4092,0.2399895896568246,2019-01-22,,77.0
20190123,2817,0.1532077176383008,2019-01-23,,
20190124,1473,0.0827008386555573,2019-01-24,,68.0
20190125,2853,0.2880600765217905,2019-01-25,,81.0
20190128,3236,0.602475979755754,2019-01-28,,73.0
20190129,2784,0.5064564437192419,2019-01-29,,68.0
20190130,3439,0.5915375419284986,2019-01-30,,76.0
20190131,3122,0.663057794234027,2019-01-31,,74.0
20190201,2299,0.6131586201683334,2019-02-01,,0.0
20190204,2497,0.0935260178456487,2019-02-04,,0.0
20190205,2650,0.4776220839632593,2019-02-05,,0.0
20190206,3631,0.7530879703682402,2019-02-06,,0.0
20190207,3057,0.5570870632969814,2019-02-07,,0.0
20190208,5215,0.1017562556104815,2019-02-08,,0.0
20190211,2621,0.2448237643228924,2019-02-11,,90.0
20190212,2732,0.3262604688950206,2019-02-12,,119.0
20190213,3028,0.6263793230575063,2019-02-13,,77.0
20190214,2939,0.3443847289292708,2019-02-14,,81.0
20190215,4388,0.1899963931544967,2019-02-15,,67.0
20190218,1594,0.2910049479292786,2019-02-18,,80.0
20190219,2747,0.6187790561758953,2019-02-19,,80.0
20190220,2551,0.4063074974780497,2019-02-20,,70.0
20190221,4867,0.7355965960155362,2019-02-21,,0.0
20190222,3286,0.1972354599898275,2019-02-22,,78.0
20190225,2714,0.5761336036998292,2019-02-25,,0.0
20190226,2814,0.6258480515039485,2019-02-26,,0.0
20190227,2233,0.0,2019-02-27,,0.0
20190228,3000,0.1019790871700514,2019-02-28,,0.0
20190301,3021,0.3447950620495754,2019-03-01,,0.0
20190304,3038,0.2849784959334394,2019-03-04,,88.0
20190305,2169,0.6093482078417487,2019-03-05,,78.0
20190307,2191,0.2655546616860058,2019-03-07,,75.0
20190311,352,0.0906801100820303,2019-03-11,,71.0
20190312,2786,0.5316912845165832,2019-03-12,,79.0
20190313,2607,0.3183673125051933,2019-03-13,,65.0
20190314,3885,0.1699532560388678,2019-03-14,,76.0
20190315,2125,0.5405433434766271,2019-03-15,,80.0
20190318,5225,0.1766430192181597,2019-03-18,,59.0
20190319,3031,0.0950527187242456,2019-03-19,,67.0
20190320,2224,0.3400261583082054,2019-03-20,,75.0
20190321,3756,0.1700018898527259,2019-03-21,,71.0
20190322,3313,0.3047492572600426,2019-03-22,,72.0
20190325,3409,0.0508760697386712,2019-03-25,,80.0
20190326,2147,0.2569327910309252,2019-03-26,,75.0
20190327,3610,0.5306065390161846,2019-03-27,,73.0
20190328,2740,0.596473580352638,2019-03-28,,65.0
20190329,3263,0.3523519226649533,2019-03-29,,75.0
20190401,2206,0.1666172730274822,2019-04-01,,71.0
20190402,3628,0.1769877877313157,2019-04-02,,84.0
20190403,4135,0.4784769348411455,2019-04-03,67.0,72.0
20190404,2441,0.3265615815118602,2019-04-04,85.0,77.0
20190405,4564,0.197772928243098,2019-04-05,74.0,73.0
20190408,3498,0.4899006241819132,2019-04-08,79.0,70.0
20190409,4027,0.4790306731021922,2019-04-09,60.0,73.0
20190410,2786,0.1699532560388678,2019-04-10,55.0,60.0
20190412,2313,0.5138384458033934,2019-04-12,73.0,74.0
20190415,3476,0.2435008717231128,2019-04-15,94.0,91.0
20190416,2309,0.2831319968920687,2019-04-16,82.0,80.0
20190417,3669,0.6513331684858902,2019-04-17,65.0,73.0
20190422,3548,0.5128717606482298,2019-04-22,82.0,85.0
20190423,4484,0.3270467449206373,2019-04-23,79.0,71.0
20190424,2272,0.3776445601686187,2019-04-24,67.0,78.0
20190425,3170,0.1360507741764835,2019-04-25,88.0,85.0
20190426,3642,0.1012025026653123,2019-04-26,54.0,75.0
20190429,3080,0.2056304609516392,2019-04-29,75.0,93.0
20190430,2127,0.3484000735880296,2019-04-30,63.0,71.0
20190501,3748,0.2426011314826167,2019-05-01,64.0,59.0
20190502,2957,0.6330592478746953,2019-05-02,85.0,78.0
20190503,2792,0.4514065493578496,2019-05-03,84.0,97.0
20190506,3990,0.3425862469686114,2019-05-06,68.0,63.0
20190507,3051,0.6017413037367488,2019-05-07,60.0,85.0
20190509,3528,0.1982821736128433,2019-05-09,59.0,69.0
20190510,4497,0.569793586951235,2019-05-10,58.0,81.0
20190513,4769,0.2012397908386976,2019-05-13,78.0,100.0
20190514,4085,0.3539043574683044,2019-05-14,80.0,72.0
20190515,2411,0.0886022186376478,2019-05-15,68.0,77.0
20190516,3682,0.2634883413301861,2019-05-16,87.0,85.0
20190517,3348,0.4624283048964064,2019-05-17,73.0,72.0
20190520,6455,0.6977444522925045,2019-05-20,68.0,100.0
20190521,4070,0.2117918012971463,2019-05-21,71.0,92.0
20190522,2817,0.2359012509428936,2019-05-22,70.0,86.0
20190523,2929,0.2136139100109753,2019-05-23,92.0,91.0
20190524,2383,0.2474360697230566,2019-05-24,83.0,78.0
20190527,5317,0.2592802242286827,2019-05-27,78.0,89.0
20190528,3957,0.3631599361157935,2019-05-28,81.0,74.0
20190529,4961,0.4375968369452849,2019-05-29,87.0,101.0
20190530,3619,0.3006910944179348,2019-05-30,86.0,69.0
20190531,1905,0.1242224197867123,2019-05-31,57.0,60.0
20190601,2673,0.282154739168675,2019-06-01,84.0,67.0
20190603,3883,0.3283887562479661,2019-06-03,81.0,67.0
20190604,3832,0.1805668810755014,2019-06-04,65.0,74.0
20190605,4687,0.3561682967452899,2019-06-05,59.0,78.0
20190606,2532,0.2132863806576832,2019-06-06,70.0,83.0
20190607,2627,0.3126223845067231,2019-06-07,87.0,79.0
20190610,3400,0.5589363816898801,2019-06-10,92.0,93.0
20190611,1645,0.2761694908206877,2019-06-11,98.0,98.0
20190612,811,0.2484591712770254,2019-06-12,89.0,101.0
20190613,604,0.1516122583559025,2019-06-13,83.0,93.0
20190614,3261,0.2175766260565622,2019-06-14,81.0,82.0
20190617,4038,0.2712232616155043,2019-06-17,90.0,120.0
20190618,3098,0.1647467067092657,2019-06-18,93.0,93.0
20190620,2334,0.2427221873888502,2019-06-20,93.0,88.0
20190621,2562,0.1519735465069179,2019-06-21,93.0,97.0
20190624,3305,0.5370076417145521,2019-06-24,81.0,94.0
20190625,2686,0.300986421490493,2019-06-25,69.0,87.0
20190626,2755,0.419191875224528,2019-06-26,69.0,82.0
20190627,3063,0.485449132433404,2019-06-27,66.0,90.0
20190628,2819,0.2362971495707397,2019-06-28,80.0,89.0
20190702,4027,0.4812161110600699,2019-07-02,80.0,84.0
20190703,2848,0.4042994437204754,2019-07-03,73.0,74.0
20190704,3077,0.6158199118012967,2019-07-04,67.0,76.0
20190705,2308,0.0924875860677465,2019-07-05,81.0,73.0
20190708,4975,0.3525856938958168,2019-07-08,85.0,102.0
20190709,2756,0.1768390522540911,2019-07-09,67.0,98.0
20190710,3135,0.1365355117457068,2019-07-10,76.0,96.0
20190711,5505,0.245144935451124,2019-07-11,85.0,96.0
20190712,3310,0.4858671306656754,2019-07-12,54.0,77.0
20190715,3877,0.2836810362339019,2019-07-15,68.0,93.0
20190716,3492,0.1715905650705099,2019-07-16,67.0,81.0
20190717,3308,0.4700125660844471,2019-07-17,83.0,88.0
20190718,4774,0.36538725319116,2019-07-18,78.0,85.0
20190719,2243,0.1080446062739128,2019-07-19,65.0,69.0
20190722,3057,0.6395294246854989,2019-07-22,62.0,104.0
20190723,4107,0.5829770509056422,2019-07-23,57.0,87.0
20190724,3842,0.1031485820836994,2019-07-24,70.0,75.0
20190725,4170,0.1231303542512266,2019-07-25,89.0,79.0
20190726,3954,0.2485241632033949,2019-07-26,87.0,77.0
20190729,5790,0.7115743113211963,2019-07-29,82.0,85.0
20190730,2228,0.3780257599898006,2019-07-30,80.0,72.0
20190731,3475,0.3337514565366765,2019-07-31,88.0,77.0
20190801,3469,0.3302647703756456,2019-08-01,54.0,71.0
20190802,5006,0.4625201981352723,2019-08-02,83.0,69.0
20190805,4648,0.4262200486919154,2019-08-05,82.0,108.0
20190807,4402,0.2463942312287247,2019-08-07,73.0,86.0
20190808,4565,0.204483704401747,2019-08-08,88.0,94.0
20190809,3469,0.7767563089728354,2019-08-09,73.0,72.0
20190812,3936,0.1751688801562008,2019-08-12,73.0,76.0
20190813,4827,0.6769774026196935,2019-08-13,83.0,90.0
20190814,2608,0.2623431559814059,2019-08-14,82.0,94.0
20190815,3033,0.1834894766690938,2019-08-15,74.0,90.0
20190816,4698,0.2027576004810955,2019-08-16,60.0,73.0
20190819,3645,0.1867616571680359,2019-08-19,86.0,102.0
20190820,4272,0.5845650506537893,2019-08-20,98.0,79.0
20190821,3467,0.2557671066470768,2019-08-21,94.0,104.0
20190822,2839,0.3176203018232532,2019-08-22,62.0,84.0
20190823,5077,0.4796479348773541,2019-08-23,70.0,75.0
20190826,2463,0.4386124202285123,2019-08-26,86.0,98.0
20190827,3962,0.3584553194629109,2019-08-27,100.0,87.0
20190828,4245,0.2240996657085159,2019-08-28,79.0,105.0
20190829,2456,0.1050801462469541,2019-08-29,56.0,65.0
20190830,4280,0.1858148689989162,2019-08-30,94.0,79.0
20190902,3326,0.4671518640673678,2019-09-02,76.0,91.0
20190903,2789,0.6851546967807023,2019-09-03,79.0,78.0
20190904,3230,0.1914741738788459,2019-09-04,63.0,86.0
20190905,3700,0.2402080306637546,2019-09-05,64.0,75.0
20190906,1658,0.3168522634778333,2019-09-06,64.0,75.0
20190909,2127,0.1572839125828898,2019-09-09,75.0,93.0
20190910,3159,0.1117965023721689,2019-09-10,78.0,80.0
20190911,4701,0.4812920867101005,2019-09-11,77.0,73.0
20190912,3022,0.2048147726285716,2019-09-12,74.0,87.0
20190913,2576,0.3085090681003487,2019-09-13,71.0,96.0
20190918,3905,0.2549604490593723,2019-09-18,62.0,75.0
20190920,3648,0.497583239622738,2019-09-20,114.0,107.0
20190923,3540,0.5425904863684073,2019-09-23,85.0,91.0
20190924,3585,0.2457817564775114,2019-09-24,71.0,80.0
20190925,4231,0.1519735465069179,2019-09-25,77.0,87.0
20190926,2627,0.2000708465796449,2019-09-26,81.0,88.0
20190927,1434,0.2907593412956465,2019-09-27,75.0,82.0
20190930,5012,0.1726565148940552,2019-09-30,65.0,78.0
20191001,5042,0.2291440729570129,2019-10-01,81.0,86.0
20191002,3399,0.1833568496742973,2019-10-02,88.0,76.0
20191003,3910,0.1755661590915659,2019-10-03,87.0,81.0
20191004,3462,0.4202170619238977,2019-10-04,61.0,73.0
20191007,4630,0.1764287485020316,2019-10-07,77.0,72.0
20191008,3367,0.204483704401747,2019-10-08,86.0,80.0
20191009,3280,0.2765821146641088,2019-10-09,80.0,96.0
20191010,4132,0.2771668070554733,2019-10-10,78.0,75.0
20191011,2331,0.132053697284149,2019-10-11,75.0,72.0
20191014,7241,0.548935965610587,2019-10-14,93.0,93.0
20191015,1878,0.1578520706522723,2019-10-15,87.0,97.0
20191016,4375,0.2533426405424657,2019-10-16,103.0,86.0
20191017,3042,0.3122019193418647,2019-10-17,60.0,64.0
20191018,3185,0.6570218562950259,2019-10-18,71.0,75.0
20191021,4947,0.170302987785443,2019-10-21,79.0,121.0
20191022,4273,0.625436015025429,2019-10-22,78.0,95.0
20191023,3916,0.4642918375199255,2019-10-23,74.0,90.0
20191024,3330,0.2232719364049641,2019-10-24,82.0,76.0
20191025,3786,0.3294372025974418,2019-10-25,52.0,67.0
20191028,3921,0.2181099387031534,2019-10-28,77.0,74.0
20191029,6029,0.2233964137117499,2019-10-29,78.0,81.0
20191030,4984,0.1079954438316433,2019-10-30,62.0,56.0
20191031,4353,0.2679479680825834,2019-10-31,52.0,56.0
20191101,4394,0.202617029376004,2019-11-01,50.0,57.0
20191104,4559,0.3153852608994297,2019-11-04,73.0,87.0
20191105,3594,0.2383891230886397,2019-11-05,89.0,94.0
20191106,3437,0.5954900378247965,2019-11-06,97.0,92.0
20191107,3527,0.1847072750038426,2019-11-07,68.0,75.0
20191108,2800,0.3250335517201734,2019-11-08,68.0,67.0
20191111,2174,0.2845939187640728,2019-11-11,87.0,65.0
20191112,2237,0.1895579252554022,2019-11-12,65.0,68.0
20191113,2825,0.1701114187227642,2019-11-13,60.0,68.0
20191114,5234,0.5737686963962472,2019-11-14,86.0,77.0
20191115,2778,0.2058455980309973,2019-11-15,87.0,68.0
20191118,3566,0.278853689684816,2019-11-18,69.0,63.0
20191119,3732,0.2505020264050234,2019-11-19,101.0,78.0
20191121,5387,0.566189163495665,2019-11-21,82.0,74.0
20191122,3395,0.2074493685267541,2019-11-22,73.0,58.0
20191125,3739,0.1056113737481443,2019-11-25,83.0,90.0
20191126,3868,0.1846131938307181,2019-11-26,90.0,77.0
20191127,3934,0.2027576004810955,2019-11-27,60.0,80.0
20191128,3489,0.1780732233854739,2019-11-28,65.0,69.0
20191129,3301,0.5166923343876133,2019-11-29,75.0,71.0
20191202,3650,0.5529403258277021,2019-12-02,77.0,80.0
20191203,4040,0.4657522909796756,2019-12-03,73.0,67.0
20191204,3667,0.1073903258258233,2019-12-04,90.0,84.0
20191205,5872,0.1431503859000361,2019-12-05,77.0,83.0
20191206,3264,0.2458084522122922,2019-12-06,88.0,63.0
20191209,5285,0.5351661940113357,2019-12-09,79.0,70.0
20191210,3066,0.2425701920364213,2019-12-10,80.0,69.0
20191211,2943,0.2218786040693521,2019-12-11,73.0,73.0
20191212,3694,0.2265906802564859,2019-12-12,63.0,62.0
20191213,2875,0.2928649269951426,2019-12-13,96.0,81.0
20191216,3496,0.1999254443982372,2019-12-16,75.0,71.0
20191217,4208,0.1385683523021314,2019-12-17,77.0,74.0
20191218,2522,0.0406364858807709,2019-12-18,80.0,62.0
20191219,4414,0.6833601207966389,2019-12-19,94.0,101.0
20191220,4715,0.3488730190888695,2019-12-20,65.0,76.0
20191223,4525,0.3641051824520463,2019-12-23,93.0,87.0
20191224,2667,0.1931747421103974,2019-12-24,61.0,54.0
20191226,1749,0.3157424081278883,2019-12-26,86.0,75.0
20191227,3206,0.093798980999576,2019-12-27,67.0,50.0
20200102,3797,0.774374368087105,2020-01-02,59.0,69.0
20200103,2242,0.3315851666745932,2020-01-03,74.0,78.0
20200106,4875,0.273193753387617,2020-01-06,68.0,63.0
20200107,4144,0.5518908222214035,2020-01-07,77.0,65.0
20200108,3845,0.1741271297666041,2020-01-08,71.0,76.0
20200109,3634,0.2069917965842329,2020-01-09,93.0,80.0
20200110,3501,0.5930180538996406,2020-01-10,82.0,61.0
20200113,5194,0.1821365789958313,2020-01-13,86.0,106.0
20200114,4127,0.2030272450233283,2020-01-14,62.0,82.0
20200115,5241,0.6182252885466036,2020-01-15,82.0,101.0
20200116,5477,0.1742758652438288,2020-01-16,86.0,100.0
20200117,3111,0.5654718734777492,2020-01-17,75.0,89.0
20200120,3861,0.1754308742705894,2020-01-20,66.0,73.0
20200121,3999,0.3097013307459976,2020-01-21,93.0,79.0
20200122,4001,0.3641051824520463,2020-01-22,86.0,73.0
20200123,5141,0.384088188085867,2020-01-23,70.0,65.0
20200124,3231,0.2022092366088991,2020-01-24,86.0,84.0
20200127,3879,0.5037624945977459,2020-01-27,79.0,83.0
20200128,3202,0.0,2020-01-28,87.0,90.0
20200129,4401,0.4679890352617138,2020-01-29,78.0,84.0
20200130,4247,0.4077529437645621,2020-01-30,67.0,66.0
20200131,4214,0.6366317186796147,2020-01-31,58.0,67.0
20200203,1320,0.1133132694418663,2020-02-03,90.0,89.0
20200204,4805,0.3265615815118602,2020-02-04,83.0,77.0
20200205,3498,0.1075790094584226,2020-02-05,75.0,93.0
20200206,3488,0.3709891578360744,2020-02-06,62.0,70.0
20200207,4036,0.2757186882586582,2020-02-07,81.0,70.0
20200210,4112,0.5851691554551539,2020-02-10,80.0,83.0
20200211,4017,0.1700018898527259,2020-02-11,78.0,74.0
20200212,2119,0.1848349093969749,2020-02-12,69.0,78.0
20200213,4086,0.1601275222813305,2020-02-13,75.0,61.0
20200214,2669,0.5134039719856303,2020-02-14,82.0,76.0
20200217,4199,0.6187790561758953,2020-02-17,96.0,83.0
20200218,3758,0.3141592835084251,2020-02-18,71.0,73.0
20200219,3052,0.1600669502758461,2020-02-19,96.0,97.0
20200220,4031,0.2341453676217275,2020-02-20,87.0,90.0
20200221,4439,0.4602963171445804,2020-02-21,78.0,80.0
20200224,2867,0.2274506118407715,2020-02-24,83.0,96.0
20200225,3528,0.3105575619314027,2020-02-25,86.0,82.0
20200226,4882,0.63569992299961,2020-02-26,80.0,70.0
20200227,3302,0.2437675794408373,2020-02-27,61.0,73.0
20200228,4586,0.1328381231103254,2020-02-28,60.0,58.0
20200302,3167,0.1784204147788493,2020-03-02,82.0,93.0
20200303,4814,0.154346207027202,2020-03-03,95.0,68.0
20200304,4189,0.1698735506217116,2020-03-04,62.0,65.0
20200305,4197,0.1017872391090444,2020-03-05,97.0,92.0
20200306,3559,0.5797514190751573,2020-03-06,71.0,63.0
20200309,4236,0.5659668458803839,2020-03-09,72.0,85.0
20200310,3893,0.4784769348411455,2020-03-10,79.0,81.0
20200311,4396,0.5207028031997059,2020-03-11,88.0,80.0
20200312,4690,0.1708567407306121,2020-03-12,94.0,73.0
20200313,1832,0.2169261634803336,2020-03-13,76.0,68.0
20200316,4924,0.4204696581998596,2020-03-16,82.0,78.0
20200317,5271,0.256780869099109,2020-03-17,86.0,89.0
20200318,4843,0.2767444035864394,2020-03-18,54.0,69.0
20200319,6321,0.1684840802103281,2020-03-19,60.0,60.0
20200320,2271,0.1089039137829904,2020-03-20,99.0,81.0
20200323,5925,0.661114673666332,2020-03-23,92.0,78.0
20200324,4394,0.4682188711477362,2020-03-24,82.0,63.0
20200325,4376,0.1597050600758065,2020-03-25,95.0,72.0
20200326,3737,0.5120801689702531,2020-03-26,86.0,77.0
20200327,5114,0.331824694081493,2020-03-27,91.0,63.0
20200330,4487,0.3028788524671741,2020-03-30,72.0,72.0
20200331,4810,0.1717721636139828,2020-03-31,80.0,71.0
20200401,1873,0.1690322238206863,2020-04-01,79.0,70.0
20200402,3325,0.4790660324692725,2020-04-02,66.0,66.0
20200403,2555,0.429631933932719,2020-04-03,88.0,87.0
20200404,3020,0.0717064910317244,2020-04-04,104.0,67.0
20200406,4596,0.639999140397362,2020-04-06,80.0,79.0
20200407,3944,0.3135495106357595,2020-04-07,61.0,66.0
20200408,4463,0.141728669155551,2020-04-08,79.0,80.0
20200409,1719,0.0666269740462303,2020-04-09,102.0,0.0
20200410,1611,0.3245679181943768,2020-04-10,87.0,53.0
20200413,2832,0.1272334872186183,2020-04-13,76.0,76.0
20200414,3549,0.4473337317614451,2020-04-14,82.0,80.0
20200415,4568,0.1395665349001469,2020-04-15,96.0,81.0
20200416,6404,0.2976073112112024,2020-04-16,80.0,71.0
20200417,5333,0.3960090818158958,2020-04-17,76.0,64.0
20200420,5737,0.6025737172753914,2020-04-20,114.0,104.0
20200421,5282,0.1508933530845072,2020-04-21,80.0,81.0
20200422,4991,0.4848830595094224,2020-04-22,92.0,90.0
20200423,6069,0.2415693662963483,2020-04-23,59.0,67.0
20200424,4619,0.7028219869214555,2020-04-24,81.0,61.0
20200427,3780,0.2723846876038157,2020-04-27,72.0,78.0
20200428,7029,0.4205453401674394,2020-04-28,68.0,69.0
20200429,4721,0.2069917965842329,2020-04-29,79.0,77.0
20200430,4567,0.1587293882376473,2020-04-30,75.0,66.0
20200501,5879,0.2942190086712007,2020-05-01,73.0,58.0
20200504,5606,0.4352474360751068,2020-05-04,76.0,78.0
20200505,5731,0.170302987785443,2020-05-05,76.0,67.0
20200506,4703,0.5107913141665251,2020-05-06,57.0,73.0
20200507,5680,0.3642066497388093,2020-05-07,73.0,73.0
20200508,3234,0.4114792748054732,2020-05-08,81.0,67.0
20200511,4567,0.3616319356923517,2020-05-11,72.0,76.0
20200512,3862,0.1938927369661953,2020-05-12,70.0,73.0
20200513,3939,0.2988979281096354,2020-05-13,86.0,68.0
20200514,4036,0.2567385200896988,2020-05-14,84.0,80.0
20200515,4890,0.4699348577079565,2020-05-15,91.0,85.0
20200518,5526,0.4327814139037028,2020-05-18,84.0,75.0
20200519,6194,0.3643043872584467,2020-05-19,68.0,80.0
20200520,5580,0.607292430685914,2020-05-20,64.0,65.0
20200521,3424,0.3302525238174459,2020-05-21,68.0,69.0
20200522,4916,0.1708921294659376,2020-05-22,74.0,70.0
20200525,5151,0.1394794874217199,2020-05-25,78.0,80.0
20200526,6595,0.3974307691921358,2020-05-26,72.0,76.0
20200527,4100,0.3954852697965891,2020-05-27,84.0,85.0
20200528,4021,0.2041716961659815,2020-05-28,85.0,79.0
20200529,6502,0.3000107496523339,2020-05-29,61.0,88.0
20200601,4622,0.3815759990331919,2020-06-01,67.0,87.0
20200602,3159,0.4496959665547246,2020-06-02,71.0,73.0
20200603,4402,0.5915259121034455,2020-06-03,77.0,73.0
20200604,4876,0.6385324902378994,2020-06-04,79.0,74.0
20200605,4561,0.5839242942825607,2020-06-05,60.0,69.0
20200608,4460,0.5511214329367098,2020-06-08,96.0,102.0
20200609,5596,0.2952657222942165,2020-06-09,73.0,76.0
20200610,3763,0.2789857293147108,2020-06-10,75.0,81.0
20200611,4239,0.3281350733469361,2020-06-11,77.0,78.0
20200612,5275,0.3408937550044578,2020-06-12,85.0,77.0
20200615,5738,0.6083655463612597,2020-06-15,66.0,79.0
20200616,4670,0.6055982353635455,2020-06-16,85.0,87.0
20200617,4396,0.584886985356393,2020-06-17,85.0,77.0
20200618,6492,0.6164063956556112,2020-06-18,81.0,82.0
20200619,4910,0.6054376497994298,2020-06-19,71.0,60.0
20200622,4401,0.4643996777158716,2020-06-22,89.0,102.0
20200623,4736,0.3652684586397979,2020-06-23,52.0,62.0
20200624,5543,0.7051946474417395,2020-06-24,74.0,70.0
20200625,4788,0.5112488714249237,2020-06-25,79.0,90.0
20200626,3706,0.4170025900265444,2020-06-26,83.0,84.0
20200629,3530,0.4795220038424367,2020-06-29,92.0,77.0
20200630,4734,0.3303856794406538,2020-06-30,73.0,69.0
20200701,3653,0.6504988166430722,2020-07-01,92.0,110.0
20200702,2299,0.6326597222685814,2020-07-02,68.0,66.0
20200703,3715,0.6416193864786106,2020-07-03,98.0,74.0
20200706,4303,0.2277980234959851,2020-07-06,90.0,74.0
20200707,4107,0.3675097256315791,2020-07-07,62.0,68.0
20200710,3451,0.2361229665091504,2020-07-10,87.0,73.0
20200713,4809,0.6386378047647683,2020-07-13,87.0,87.0
20200714,3696,0.322597015266833,2020-07-14,69.0,70.0
20200715,4754,0.1747123361022576,2020-07-15,82.0,76.0
20200716,4520,0.4838305309738801,2020-07-16,73.0,88.0
20200717,4874,0.7097396183143491,2020-07-17,74.0,73.0
20200720,3772,0.461665347257386,2020-07-20,79.0,90.0
20200721,4169,0.3091962556670541,2020-07-21,83.0,89.0
20200722,6356,0.1694481369075567,2020-07-22,92.0,94.0
20200723,3166,0.3792343513797158,2020-07-23,69.0,93.0
20200724,5745,0.4786012212543383,2020-07-24,89.0,82.0
20200728,5126,0.2210905659490305,2020-07-28,74.0,81.0
20200729,4535,0.4838966388935627,2020-07-29,72.0,67.0
20200730,4140,0.3001200876287792,2020-07-30,69.0,60.0
20200731,4413,0.1994994139509356,2020-07-31,84.0,69.0
20200803,4344,0.22821991302073,2020-08-03,75.0,78.0
20200804,3841,0.6425629881931387,2020-08-04,73.0,76.0
20200805,4397,0.4766580125819081,2020-08-05,70.0,71.0
20200806,4259,0.564796756259773,2020-08-06,76.0,65.0
20200807,4476,0.4757661577152168,2020-08-07,91.0,79.0
20200810,4195,0.4398917890890784,2020-08-10,81.0,74.0
20200811,4450,0.2052201571995797,2020-08-11,79.0,73.0
20200812,4276,0.431383749751941,2020-08-12,68.0,73.0
20200813,4541,0.1690378331554972,2020-08-13,84.0,64.0
20200814,5125,0.4790106733272904,2020-08-14,65.0,70.0
20200817,4268,0.393277482604203,2020-08-17,76.0,95.0
20200818,4222,0.2714587949410728,2020-08-18,66.0,80.0
20200819,4102,0.4585628564785355,2020-08-19,81.0,102.0
20200820,6705,0.4799460813014403,2020-08-20,80.0,80.0
20200821,3789,0.4625201981352723,2020-08-21,69.0,74.0
20200824,5021,0.1766128727145816,2020-08-24,83.0,109.0
20200825,4874,0.1722827746071245,2020-08-25,101.0,102.0
20200826,5281,0.4836992255501124,2020-08-26,101.0,84.0
20200827,6134,0.4834255428741807,2020-08-27,70.0,85.0
20200828,5217,0.705337847004766,2020-08-28,81.0,76.0
20200831,3892,0.1766410074933715,2020-08-31,88.0,92.0
20200902,3412,0.643330145491206,2020-09-02,69.0,77.0
20200903,4308,0.4784769348411455,2020-09-03,85.0,78.0
20200904,4039,0.5027878800164097,2020-09-04,90.0,73.0
20200907,5802,0.0787428655815513,2020-09-07,64.0,93.0
20200908,7267,0.3247426592526228,2020-09-08,71.0,74.0
20200909,5116,0.0777788088843226,2020-09-09,78.0,66.0
20200910,4750,0.2066998909122269,2020-09-10,87.0,76.0
20200911,4219,0.1578929659335509,2020-09-11,79.0,79.0
20200914,3974,0.1276039088938547,2020-09-14,75.0,78.0
20200915,4367,0.1014375073624693,2020-09-15,76.0,71.0
20200917,5657,0.3145369004037069,2020-09-17,65.0,75.0
20200918,6252,0.4513243182716162,2020-09-18,67.0,59.0
20200921,4214,0.1699532560388678,2020-09-21,62.0,85.0
20200922,7021,0.176023731034087,2020-09-22,75.0,72.0
20200923,4493,0.1610310069730748,2020-09-23,71.0,71.0
20200924,5495,0.5152174611195274,2020-09-24,82.0,70.0
20200925,4589,0.3497225836826407,2020-09-25,70.0,77.0
20200928,5315,0.2603164827564488,2020-09-28,85.0,80.0
20200929,7386,0.1537924540820329,2020-09-29,72.0,61.0
20200930,2745,0.3334387728312741,2020-09-30,83.0,69.0
20201001,3636,0.6471506017576093,2020-10-01,68.0,72.0
20201002,2335,0.1089403524330776,2020-10-02,71.0,56.0
20201005,4500,0.3221830404841381,2020-10-05,102.0,100.0
20201006,6020,0.3305327556120312,2020-10-06,65.0,72.0
20201007,5788,0.6171601610339206,2020-10-07,73.0,83.0
20201008,3683,0.2482540634533633,2020-10-08,67.0,78.0
20201009,1856,0.1935839005008987,2020-10-09,77.0,71.0
20201012,3219,0.2375422897416612,2020-10-12,77.0,117.0
20201013,5581,0.2224323570145213,2020-10-13,78.0,68.0
20201014,3295,0.1054904499990136,2020-10-14,89.0,80.0
20201015,3193,0.6036273911724919,2020-10-15,86.0,79.0
20201016,3410,0.1500811302143594,2020-10-16,59.0,59.0
20201019,4239,0.4433175655098064,2020-10-19,76.0,82.0
20201020,4569,0.3002098076175088,2020-10-20,67.0,65.0
20201021,8172,0.6075832350487294,2020-10-21,72.0,72.0
20201022,5182,0.2840554519904696,2020-10-22,99.0,86.0
20201023,4493,0.176489320507516,2020-10-23,76.0,69.0
20201026,4564,0.2793822299915811,2020-10-26,87.0,83.0
20201027,2271,0.3137542954087257,2020-10-27,67.0,60.0
20201028,3426,0.1539843168271624,2020-10-28,95.0,128.0
20201029,5683,0.5941610659982847,2020-10-29,50.0,60.0
20201030,2568,0.1721514838674794,2020-10-30,70.0,84.0
20201103,7603,0.2397504587212334,2020-11-03,61.0,77.0
20201104,5103,0.2401770471651916,2020-11-04,94.0,64.0
20201105,3772,0.1935625938390907,2020-11-05,78.0,85.0
20201106,2718,0.3718519675083782,2020-11-06,83.0,69.0
20201107,2366,0.3760189396985198,2020-11-07,82.0,64.0
20201109,4949,0.2383891230886397,2020-11-09,80.0,77.0
20201110,6492,0.3294349412425704,2020-11-10,71.0,79.0
20201111,8756,0.3847635696180488,2020-11-11,87.0,93.0
20201112,4154,0.0774176014959812,2020-11-12,70.0,64.0
20201113,5150,0.1755661590915659,2020-11-13,62.0,70.0
20201114,3069,0.465575582249009,2020-11-14,81.0,70.0
20201116,4721,0.1698454158429218,2020-11-16,72.0,67.0
20201117,6605,0.4766580125819081,2020-11-17,91.0,82.0
20201118,2346,0.1028066035538263,2020-11-18,57.0,72.0
20201119,6161,0.3712592575861059,2020-11-19,76.0,73.0
20201120,2530,0.3074347189587095,2020-11-20,57.0,72.0
20201123,3609,0.3023758919018766,2020-11-23,76.0,105.0
20201124,8286,0.3247426592526228,2020-11-24,90.0,77.0
20201125,5309,0.4321138018295429,2020-11-25,90.0,80.0
20201126,5883,0.1365572882994361,2020-11-26,83.0,68.0
20201127,2720,0.2823295976999013,2020-11-27,77.0,63.0
20201130,5370,0.7127580865440161,2020-11-30,79.0,76.0
20201202,4792,0.1561178464118553,2020-12-02,85.0,71.0
20201203,4174,0.3709891578360744,2020-12-03,85.0,62.0
20201204,2535,0.1865261825789576,2020-12-04,60.0,71.0
20201207,3390,0.1865050814948652,2020-12-07,87.0,100.0
20201208,5811,0.3988175377249717,2020-12-08,74.0,65.0
20201209,3570,0.1068517929736686,2020-12-09,65.0,78.0
20201210,4994,0.1531232692495636,2020-12-10,71.0,72.0
20201211,3457,0.1535740130751029,2020-12-11,79.0,68.0
20201214,4783,0.2452724964236435,2020-12-14,77.0,72.0
20201215,4703,0.2059085341802109,2020-12-15,48.0,68.0
20201216,2238,0.3282289636264676,2020-12-16,72.0,62.0
20201217,2816,0.3979645957830159,2020-12-17,66.0,70.0
20201218,4336,0.6367701018504474,2020-12-18,72.0,63.0
20201221,3441,0.2464047156922195,2020-12-21,69.0,79.0
20201222,4732,0.352350072465513,2020-12-22,56.0,69.0
20201223,3515,0.2323932140676871,2020-12-23,76.0,72.0
20201224,5206,0.1684840802103281,2020-12-24,50.0,58.0
20201228,2174,0.1115632671117782,2020-12-28,90.0,64.0
20201229,6002,0.3338624391348465,2020-12-29,72.0,70.0
20201230,5221,0.1806101845528768,2020-12-30,72.0,62.0
20201231,5337,0.4945517906287441,2020-12-31,56.0,61.0
20210104,3762,0.1896480270313179,2021-01-04,78.0,81.0
20210105,5700,0.2045663613275341,2021-01-05,79.0,81.0
20210106,4197,0.5852631925759108,2021-01-06,58.0,62.0
20210107,4263,0.3798340509443179,2021-01-07,85.0,80.0
20210108,2996,0.4110514969475891,2021-01-08,72.0,65.0
20210111,5740,0.1939486981572016,2021-01-11,80.0,88.0
20210112,7394,0.0906433850915535,2021-01-12,74.0,73.0
20210113,4400,0.2471992148264594,2021-01-13,68.0,82.0
20210114,5055,0.4780474829932917,2021-01-14,85.0,69.0
20210115,5816,0.1964878032064956,2021-01-15,87.0,75.0
20210118,4557,0.1698454158429218,2021-01-18,82.0,82.0
20210119,6966,0.231924937399833,2021-01-19,71.0,79.0
20210120,6604,0.6781995327705922,2021-01-20,60.0,63.0
20210121,4239,0.2529647593329782,2021-01-21,82.0,98.0
20210122,4384,0.1546768934668406,2021-01-22,90.0,75.0
20210208,3763,0.2988596612862918,2021-02-08,89.0,76.0
20210209,6318,0.2932549372898495,2021-02-09,76.0,92.0
20210210,2069,0.1857539886268584,2021-02-10,66.0,44.0
20210211,3400,0.2920507511366968,2021-02-11,68.0,87.0
20210212,3568,0.3731787660847539,2021-02-12,79.0,74.0
20210214,4264,0.0353603582586283,2021-02-14,68.0,65.0
20210215,5407,0.1776125824613415,2021-02-15,84.0,72.0
20210216,6879,0.1684840802103281,2021-02-16,69.0,74.0
20210217,4717,0.1766012575736512,2021-02-17,71.0,88.0
20210218,6047,0.3449798176793948,2021-02-18,89.0,93.0
20210219,5416,0.1753986577612227,2021-02-19,63.0,75.0
20210222,5729,0.2397504587212334,2021-02-22,80.0,85.0
20210223,4913,0.1547565107792615,2021-02-23,93.0,78.0
20210224,2548,0.1545037382938291,2021-02-24,82.0,78.0
20210225,4842,0.709897795682368,2021-02-25,81.0,71.0
20210226,4071,0.2935050078967343,2021-02-26,80.0,96.0
20210301,4848,0.4838966388935627,2021-03-01,62.0,78.0
20210302,3964,0.4458082570070805,2021-03-02,73.0,71.0
20210303,2878,0.1333956939273554,2021-03-03,60.0,64.0
20210304,6174,0.6038077709337939,2021-03-04,81.0,71.0
20210305,6888,0.2441098076007936,2021-03-05,77.0,77.0
20210308,6258,0.5760955424542011,2021-03-08,76.0,82.0
20210309,5951,0.2985713825925536,2021-03-09,63.0,76.0
20210310,3388,0.4583881154202896,2021-03-10,71.0,75.0
20210311,4491,0.329337203722933,2021-03-11,88.0,88.0
20210312,2976,0.2026011264712914,2021-03-12,85.0,74.0
20210315,4074,0.0769600368955213,2021-03-15,68.0,62.0
20210316,4823,0.1881614798858113,2021-03-16,86.0,89.0
20210317,4094,0.336535448697598,2021-03-17,75.0,71.0
20210318,2133,0.1967707662478737,2021-03-18,97.0,85.0
20210319,4444,0.5541461272343344,2021-03-19,80.0,64.0
20210322,4666,0.4989399350726086,2021-03-22,77.0,83.0
20210323,4662,0.1578591483993374,2021-03-23,72.0,127.0
20210324,4326,0.2186817825483929,2021-03-24,85.0,72.0
20210325,4569,0.5028287606135659,2021-03-25,89.0,74.0
20210326,4868,0.2737401789556378,2021-03-26,73.0,76.0
20210329,6323,0.1606341538772634,2021-03-29,94.0,78.0
20210330,4932,0.4634356063345203,2021-03-30,68.0,82.0
20210331,1739,0.1986344016602505,2021-03-31,80.0,76.0
20210405,4394,0.2606299887727136,2021-04-05,61.0,65.0
20210406,4681,0.2788529261104438,2021-04-06,77.0,76.0
20210407,5965,0.187935873027081,2021-04-07,64.0,80.0
20210408,5689,0.5496162516396979,2021-04-08,70.0,70.0
20210409,6656,0.4813383710643519,2021-04-09,79.0,54.0
20210412,6526,0.1774561084515374,2021-04-12,87.0,80.0
20210413,6245,0.3304839162204576,2021-04-13,105.0,94.0
20210414,3418,0.1998900850311569,2021-04-14,84.0,67.0
20210415,4932,0.482191782898229,2021-04-15,68.0,67.0
20210416,2800,0.1690378331554972,2021-04-16,58.0,65.0
20210419,4119,0.20172862527811,2021-04-19,89.0,90.0
20210420,5021,0.1533348821395117,2021-04-20,69.0,78.0
20210421,5239,0.764061473880125,2021-04-21,72.0,61.0
20210422,4534,0.2549948980108551,2021-04-22,66.0,77.0
20210426,4071,0.5805528197469918,2021-04-26,81.0,80.0
20210427,4258,0.1545380697723316,2021-04-27,76.0,82.0
20210428,3845,0.6386584212728168,2021-04-28,93.0,81.0
20210429,3947,0.1617810719525036,2021-04-29,83.0,76.0
20210430,2606,0.1860452467549801,2021-04-30,78.0,64.0
20210503,4776,0.3562875318203283,2021-05-03,94.0,71.0
20210504,4123,0.2489092396329278,2021-05-04,80.0,84.0
20210505,3245,0.3417414987670338,2021-05-05,80.0,64.0
20210506,4056,0.1822261575544657,2021-05-06,83.0,75.0
20210507,3112,0.2738383863671966,2021-05-07,81.0,72.0
20210510,175,0.0,2021-05-10,65.0,61.0
20210511,4644,0.4854103076134038,2021-05-11,58.0,68.0
20210512,7026,0.4130219887197017,2021-05-12,75.0,62.0
20210513,2555,0.1534427223354577,2021-05-13,69.0,71.0
20210514,2074,0.2006988424483848,2021-05-14,107.0,69.0
20210517,2477,0.3526042839949545,2021-05-17,86.0,73.0
20210518,6319,0.2777911172094552,2021-05-18,88.0,65.0
20210519,3781,0.289794095184492,2021-05-19,61.0,66.0
20210520,5030,0.1881866631559703,2021-05-20,83.0,63.0
20210521,4838,0.5053328146623528,2021-05-21,70.0,65.0
20210524,4000,0.1844376304616098,2021-05-24,80.0,60.0
20210525,6061,0.1834588015371042,2021-05-25,64.0,60.0
20210526,4083,0.2721914151829221,2021-05-26,78.0,67.0
20210527,4345,0.2055078338442937,2021-05-27,83.0,72.0
20210528,3908,0.3499921548042608,2021-05-28,63.0,67.0
20210531,3022,0.1053097104767094,2021-05-31,80.0,70.0
20210601,4236,0.4214827158140099,2021-06-01,57.0,66.0
20210602,3149,0.4832268960644369,2021-06-02,95.0,70.0
20210603,2479,0.1010150304728228,2021-06-03,58.0,62.0
20210604,2643,0.3239551791289577,2021-06-04,58.0,58.0
20210607,4060,0.4381590332609155,2021-06-07,70.0,62.0
20210608,4406,0.3053943307632985,2021-06-08,81.0,64.0
20210609,3956,0.2773543233003305,2021-06-09,80.0,94.0
20210610,3181,0.6363560683312622,2021-06-10,88.0,72.0
20210611,1975,0.1346298650587382,2021-06-11,79.0,57.0
20210614,4152,0.186900187180094,2021-06-14,72.0,83.0
20210615,5104,0.3699983907199424,2021-06-15,74.0,71.0
20210616,4383,0.1999600255068229,2021-06-16,80.0,63.0
20210617,3875,0.3478836322802564,2021-06-17,85.0,47.0
20210618,2647,0.1710795869743046,2021-06-18,73.0,74.0
20210621,4219,0.6088241021399912,2021-06-21,80.0,74.0
20210622,5042,0.1609455747481273,2021-06-22,69.0,72.0
20210623,3912,0.4669860215873821,2021-06-23,75.0,50.0
20210624,4265,0.212420634160871,2021-06-24,73.0,71.0
20210625,1833,0.1537924540820329,2021-06-25,80.0,71.0
20210629,4388,0.3804310486303723,2021-06-29,78.0,61.0
20210630,3609,0.1839624082037936,2021-06-30,88.0,77.0
20210702,1997,0.647974263559217,2021-07-02,68.0,71.0
20210705,4200,0.4856300701913625,2021-07-05,85.0,103.0
20210706,5879,0.5706711101143256,2021-07-06,80.0,103.0
20210707,4570,0.2012710533355889,2021-07-07,83.0,92.0
20210708,4296,0.5603054118026857,2021-07-08,57.0,65.0
20210709,2213,0.2314677472444979,2021-07-09,52.0,59.0
20210712,4247,0.5612694538157919,2021-07-12,92.0,65.0
20210713,4331,0.1707649649647266,2021-07-13,86.0,74.0
20210714,4447,0.2104693639051655,2021-07-14,69.0,78.0
20210715,3841,0.4751011431735494,2021-07-15,86.0,91.0
20210716,3401,0.4824501940867174,2021-07-16,73.0,75.0
20210719,4379,0.616599978156617,2021-07-19,103.0,74.0
20210720,5463,0.1718207974278408,2021-07-20,77.0,74.0
20210721,5844,0.5370076417145521,2021-07-21,79.0,81.0
20210722,4375,0.438893444965715,2021-07-22,53.0,65.0
20210723,3452,0.275535401041093,2021-07-23,78.0,73.0
20210726,5151,0.5351646668625913,2021-07-26,81.0,71.0
20210727,4442,0.1530202601299337,2021-07-27,76.0,68.0
20210728,4388,0.3281350733469361,2021-07-28,66.0,73.0
20210729,3834,0.1446681955424339,2021-07-29,91.0,86.0
20210730,4340,0.2091018609411042,2021-07-30,67.0,68.0
20210802,5195,0.4823788292511649,2021-08-02,87.0,70.0
20210803,4735,0.2134003881850968,2021-08-03,68.0,62.0
20210804,3704,0.2767928318225819,2021-08-04,97.0,78.0
20210805,2991,0.1856713317010713,2021-08-05,77.0,72.0
20210806,5302,0.4555764583724996,2021-08-06,84.0,74.0
20210809,4997,0.5133945154107135,2021-08-09,83.0,72.0
20210810,4479,0.3661003523690264,2021-08-10,63.0,73.0
20210811,4313,0.2076979119848945,2021-08-11,66.0,64.0
20210812,5919,0.0939801023090663,2021-08-12,73.0,70.0
20210813,2887,0.2576962772983571,2021-08-13,98.0,75.0
20210816,4485,0.3001911294136358,2021-08-16,82.0,73.0
20210817,5359,0.2266384183388689,2021-08-17,72.0,76.0
20210818,3784,0.176023731034087,2021-08-18,89.0,79.0
20210819,5875,0.5300527713868929,2021-08-19,67.0,72.0
20210820,4699,0.5318716642778852,2021-08-20,69.0,72.0
20210823,3928,0.2304601374398107,2021-08-23,71.0,71.0
20210824,4036,0.1206791850697735,2021-08-24,73.0,80.0
20210825,3738,0.492927139310733,2021-08-25,63.0,62.0
20210826,4757,0.4483985655916773,2021-08-26,77.0,75.0
20210827,427,0.135297111587032,2021-08-27,55.0,69.0
20210830,5677,0.4842687639270139,2021-08-30,94.0,84.0
20210831,4463,0.3961756585020086,2021-08-31,78.0,74.0
20210902,3680,0.2600985116414401,2021-09-02,90.0,71.0
20210903,2966,0.1032564149375842,2021-09-03,69.0,60.0
20210906,4045,0.2541762875474017,2021-09-06,74.0,108.0
20210907,4651,0.2670140285206877,2021-09-07,105.0,78.0
20210908,5190,0.1224072493207843,2021-09-08,73.0,82.0
20210909,5687,0.2757838857627433,2021-09-09,85.0,75.0
20210910,5829,0.2053385552796332,2021-09-10,82.0,80.0
20210913,3659,0.2758214477482049,2021-09-13,100.0,90.0
20210914,5827,0.1820763501362955,2021-09-14,79.0,75.0
20210917,1984,0.1736119666954745,2021-09-17,78.0,86.0
20210920,5103,0.5809354292439377,2021-09-20,67.0,72.0
20210921,4300,0.3288869591575601,2021-09-21,70.0,77.0
20210923,4022,0.1233177750492873,2021-09-23,66.0,74.0
20210924,3813,0.4625201981352723,2021-09-24,77.0,74.0
20210927,700,0.1815143887666256,2021-09-27,79.0,74.0
20210929,4508,0.398293725705665,2021-09-29,86.0,77.0
20210930,2485,0.0977964984155867,2021-09-30,67.0,68.0
20211001,4007,0.332442337643841,2021-10-01,80.0,72.0
20211004,5843,0.058690964290232,2021-10-04,70.0,70.0
20211005,4185,0.5045959653932115,2021-10-05,69.0,70.0
20211006,3960,0.1860686106364364,2021-10-06,81.0,72.0
20211007,3789,0.4016580050211885,2021-10-07,79.0,73.0
20211008,1465,0.21559394646274,2021-10-08,73.0,75.0
20211011,5111,0.8614601073558309,2021-10-11,89.0,88.0
20211012,5544,0.6470630256507707,2021-10-12,76.0,67.0
20211013,4306,0.5643054842560187,2021-10-13,72.0,70.0
20211014,3833,0.2666059567552545,2021-10-14,59.0,61.0
20211015,1685,0.0821819384752408,2021-10-15,70.0,70.0
20211018,3486,0.2861110823050788,2021-10-18,84.0,76.0
20211019,4942,0.1543815957625275,2021-10-19,64.0,65.0
20211020,6343,0.7881667532350706,2021-10-20,72.0,61.0
20211021,3018,0.1736247712503308,2021-10-21,86.0,71.0
20211022,3191,0.1846593900802342,2021-10-22,54.0,72.0
20211025,3790,0.1834770098490559,2021-10-25,80.0,79.0
20211026,5135,0.1699532560388678,2021-10-26,65.0,78.0
20211027,4718,0.1766128727145816,2021-10-27,60.0,70.0
20211028,4381,0.4682409266997938,2021-10-28,82.0,78.0
20211029,6537,0.2778888547290926,2021-10-29,81.0,60.0
20211103,4504,0.4623095984497795,2021-11-03,71.0,73.0
20211104,4843,0.2756180432827576,2021-11-04,79.0,79.0
20211105,2524,0.2520139330301595,2021-11-05,69.0,80.0
20211108,5746,0.1599329429735308,2021-11-08,67.0,73.0
20211110,3199,0.3963075806589229,2021-11-10,85.0,74.0
20211111,3959,0.5727357564801755,2021-11-11,77.0,80.0
20211112,4920,0.6412074674730714,2021-11-12,79.0,72.0
20211115,3677,0.1109494340792298,2021-11-15,79.0,74.0
20211116,3128,0.2506393816872783,2021-11-16,55.0,70.0
20211117,5052,0.5374437601540399,2021-11-17,67.0,71.0
20211122,5510,0.5138350390869638,2021-11-22,89.0,74.0
20211123,4342,0.2608868728124577,2021-11-23,76.0,94.0
20211125,5398,0.4837319711433804,2021-11-25,67.0,84.0
20211126,4445,0.1747585764041413,2021-11-26,62.0,62.0
20211129,5374,0.5498513738098352,2021-11-29,65.0,74.0
20211130,4589,0.3642066497388093,2021-11-30,77.0,92.0
20211202,2105,0.5779958441205646,2021-12-02,77.0,74.0
20211203,4893,0.4772117508429547,2021-12-03,71.0,65.0
20211204,3698,0.3993712759860183,2021-12-04,80.0,64.0
20211206,4509,0.4156821937275969,2021-12-06,59.0,67.0
20211207,3882,0.567738044741361,2021-12-07,72.0,85.0
20211208,4259,0.4876138657784979,2021-12-08,68.0,64.0
20211209,3794,0.2026294521436742,2021-12-09,53.0,65.0
20211210,5509,0.330388939315858,2021-12-10,77.0,52.0
20211211,3353,0.4973540498381075,2021-12-11,64.0,66.0
20211213,4427,0.5523551341761713,2021-12-13,72.0,65.0
20211214,5658,0.5870272255850875,2021-12-14,65.0,73.0
20211215,4603,0.3716521361305008,2021-12-15,75.0,68.0
20211216,5162,0.4790115543746429,2021-12-16,65.0,69.0
20211217,4666,0.5320306639567665,2021-12-17,76.0,81.0
20211220,3568,0.3137640750343384,2021-12-20,68.0,65.0
20211221,5312,0.600939080754052,2021-12-21,59.0,68.0
20211222,4583,0.2846859376334089,2021-12-22,63.0,78.0
20211223,4083,0.1235715426636424,2021-12-23,81.0,63.0
20211227,3787,0.2429471187779436,2021-12-27,90.0,74.0
20211228,6205,0.5771422267089719,2021-12-28,75.0,74.0
20211229,3643,0.4194008890247863,2021-12-29,89.0,73.0
20211230,2962,0.144969293475151,2021-12-30,78.0,61.0
20220103,5246,0.4177599970672441,2022-01-03,62.0,61.0
20220104,4322,0.2340334452397149,2022-01-04,59.0,56.0
20220105,4269,0.2141270466731942,2022-01-05,76.0,70.0
20220106,4211,0.484974159805671,2022-01-06,77.0,77.0
20220107,4582,0.6296269810718038,2022-01-07,78.0,72.0
20220110,3819,0.2689562386727851,2022-01-10,69.0,78.0
20220117,4852,0.2481269283203974,2022-01-17,76.0,96.0
20220118,4908,0.2778888547290926,2022-01-18,65.0,62.0
20220119,4278,0.3631599361157935,2022-01-19,66.0,75.0
20220120,5103,0.4589350108802318,2022-01-20,39.0,53.0
20220121,3585,0.5944533975098444,2022-01-21,52.0,64.0
20220124,5700,0.2915016236901283,2022-01-24,61.0,63.0
20220125,7258,0.6498447858250659,2022-01-25,81.0,68.0
20220126,6068,0.4999293512494667,2022-01-26,55.0,78.0
20220127,6084,0.3771477081982985,2022-01-27,63.0,68.0
20220128,6516,0.2198825766081395,2022-01-28,52.0,73.0
20220131,5635,0.2094010205696458,2022-01-31,88.0,78.0
20220201,5445,0.2451565359079319,2022-02-01,71.0,78.0
20220203,5494,0.5133008307088975,2022-02-03,79.0,71.0
20220204,5432,0.1896934009699717,2022-02-04,53.0,58.0
20220207,3966,0.3709891578360744,2022-02-07,58.0,71.0
20220208,4395,0.2248450170846088,2022-02-08,60.0,71.0
20220209,6114,0.1619464298564454,2022-02-09,47.0,62.0
20220210,4396,0.359947490627351,2022-02-10,78.0,74.0
20220211,3623,0.4221349110153727,2022-02-11,66.0,61.0
20220214,4485,0.2304538232671177,2022-02-14,74.0,64.0
20220215,4747,0.4149027898713298,2022-02-15,61.0,73.0
20220216,3441,0.2222681591562602,2022-02-16,69.0,73.0
20220217,4136,0.5659523967038029,2022-02-17,63.0,65.0
20220218,5814,0.1755661590915659,2022-02-18,63.0,65.0
20220221,6563,0.3753605330119962,2022-02-21,82.0,70.0
20220222,4636,0.2800870972418267,2022-02-22,60.0,78.0
20220223,3266,0.3641240074971447,2022-02-23,56.0,61.0
20220224,2061,0.2684296954066856,2022-02-24,71.0,60.0
20220225,5947,0.0988078159612158,2022-02-25,80.0,71.0
20220228,5672,0.2809642386177311,2022-02-28,81.0,63.0
20220301,4324,0.2900254288510135,2022-03-01,66.0,69.0
20220302,3872,0.1796290061687645,2022-03-02,61.0,70.0
20220303,3076,0.5528650256473084,2022-03-03,72.0,68.0
20220304,2646,0.3451645439409691,2022-03-04,68.0,66.0
20220307,5131,0.3168147602288619,2022-03-07,63.0,62.0
20220308,4775,0.3440137492573779,2022-03-08,65.0,74.0
20220309,4839,0.3934660267376381,2022-03-09,84.0,79.0
20220310,5061,0.6392658740541208,2022-03-10,72.0,69.0
20220311,4548,0.3317793495110843,2022-03-11,74.0,66.0
20220315,4055,0.1058877362764399,2022-03-15,66.0,74.0
20220316,4073,0.1700018898527259,2022-03-16,86.0,67.0
20220317,7483,0.4780193188462568,2022-03-17,80.0,63.0
20220318,4298,0.3002491316976754,2022-03-18,80.0,103.0
20220321,5533,0.2433421804108049,2022-03-21,50.0,64.0
20220322,5735,0.59063957846683,2022-03-22,90.0,63.0
20220323,4702,0.3499921548042608,2022-03-23,67.0,62.0
20220324,5672,0.7106681834873945,2022-03-24,68.0,78.0
20220325,4908,0.7286103016656377,2022-03-25,68.0,83.0
20220328,4706,0.3631599361157935,2022-03-28,92.0,73.0
20220329,4260,0.5138280494446339,2022-03-29,53.0,57.0
20220330,4529,0.3956118469328983,2022-03-30,91.0,76.0
20220331,5794,0.5517503245369247,2022-03-31,89.0,78.0
20220401,3685,0.1929529824917731,2022-04-01,71.0,62.0
20220404,4654,0.1096702340860729,2022-04-04,84.0,78.0
20220405,4509,0.2080941923999268,2022-04-05,64.0,61.0
20220406,4323,0.2902657492005306,2022-04-06,80.0,57.0
20220407,6103,0.4652364083865414,2022-04-07,82.0,60.0
20220408,2251,0.3833840256735034,2022-04-08,57.0,63.0
20220411,5272,0.2787713411256022,2022-04-11,81.0,69.0
20220413,3632,0.2506998180425205,2022-04-13,61.0,58.0
20220418,3950,0.1649693620593651,2022-04-18,90.0,62.0
20220419,4773,0.2439938617692045,2022-04-19,57.0,65.0
20220420,1927,0.4443932068542293,2022-04-20,69.0,56.0
20220421,4019,0.1017562556104815,2022-04-21,75.0,72.0
20220422,5757,0.6066181357788002,2022-04-22,70.0,91.0
20220425,4969,0.2482540634533633,2022-04-25,73.0,70.0
20220426,5263,0.3263431111366852,2022-04-26,70.0,63.0
20220427,3982,0.157694289755562,2022-04-27,58.0,61.0
20220428,5775,0.4812161110600699,2022-04-28,71.0,69.0
20220429,6203,0.5531321592045866,2022-04-29,42.0,60.0
20220502,5024,0.6276334058590557,2022-05-02,93.0,86.0
20220503,5710,0.3974307691921358,2022-05-03,64.0,60.0
20220504,4447,0.301155200794987,2022-05-04,77.0,65.0
20220505,3649,0.6341868710129157,2022-05-05,77.0,66.0
20220509,5094,0.3001911294136358,2022-05-09,90.0,72.0
20220510,4241,0.3269746458789576,2022-05-10,72.0,65.0
20220511,3912,0.1590556253881558,2022-05-11,78.0,78.0
20220512,3790,0.3224166355055311,2022-05-12,61.0,61.0
20220513,6125,0.4143393013529155,2022-05-13,71.0,61.0
20220516,4830,0.3261321884004965,2022-05-16,82.0,72.0
20220517,4657,0.1598197137046119,2022-05-17,72.0,74.0
20220518,3970,0.1180458593481908,2022-05-18,72.0,64.0
20220519,4058,0.6348703875489856,2022-05-19,75.0,74.0
20220520,6055,0.59063957846683,2022-05-20,81.0,85.0
20220523,4992,0.5817980920750161,2022-05-23,69.0,72.0
20220524,3044,0.2732099940271481,2022-05-24,118.0,89.0
20220525,4638,0.3414614138136739,2022-05-25,65.0,75.0
20220526,5114,0.4780193188462568,2022-05-26,86.0,73.0
20220527,5611,0.4830035799288231,2022-05-27,77.0,86.0
20220530,3594,0.5522841217595598,2022-05-30,64.0,63.0
20220531,6613,0.4205970576470312,2022-05-31,49.0,68.0
20220601,4351,0.2767444035864394,2022-06-01,75.0,71.0
20220602,6064,0.6083655463612597,2022-06-02,73.0,86.0
20220603,4533,1.0,2022-06-03,57.0,64.0
20220606,4861,0.2741973544268504,2022-06-06,94.0,90.0
20220607,6398,0.1726283801152654,2022-06-07,78.0,65.0
20220608,4511,0.2288113013719734,2022-06-08,76.0,62.0
20220609,5668,0.6084551782452541,2022-06-09,73.0,66.0
20220610,5476,0.5475273471034091,2022-06-10,78.0,74.0
20220613,5007,0.2621275049577588,2022-06-13,96.0,64.0
20220614,5437,0.3961169220118418,2022-06-14,90.0,72.0
20220615,4655,0.5556561836600303,2022-06-15,71.0,65.0
20220616,5451,0.5314394224467485,2022-06-16,88.0,87.0
20220617,2257,0.3274354630125605,2022-06-17,61.0,75.0
20220620,4955,0.6944854581356048,2022-06-20,63.0,63.0
20220621,5408,0.3966664312455965,2022-06-21,73.0,84.0
20220622,4237,0.4334572065913158,2022-06-22,91.0,81.0
20220623,3445,0.5369221213848694,2022-06-23,69.0,79.0
20220624,3667,0.5837290541892466,2022-06-24,62.0,69.0
20220627,3495,0.3054469880267329,2022-06-27,54.0,55.0
20220628,5382,0.2394358367116554,2022-06-28,70.0,62.0
20220629,5020,0.176023731034087,2022-06-29,83.0,81.0
20220630,5401,0.6865964426683342,2022-06-30,73.0,65.0
20220704,5375,0.5837097886204718,2022-07-04,76.0,80.0
20220705,5721,0.1774929068626269,2022-07-05,53.0,54.0
20220706,3673,0.307725229639074,2022-07-06,70.0,57.0
20220707,5140,0.1988881286136481,2022-07-07,91.0,78.0
20220708,4017,0.2846446670915769,2022-07-08,78.0,68.0
20220711,3755,0.2759326359240905,2022-07-11,71.0,63.0
20220714,5561,0.5381816079435141,2022-07-14,73.0,73.0
20220715,2127,0.1595842391155336,2022-07-15,64.0,62.0
20220718,5145,0.3627913940082425,2022-07-18,71.0,92.0
20220719,4524,0.1468177895571874,2022-07-19,57.0,56.0
20220720,6857,0.7150632001006084,2022-07-20,68.0,70.0
20220721,7385,0.3946477755515471,2022-07-21,80.0,66.0
20220722,4858,0.6916331554366194,2022-07-22,75.0,72.0
20220725,6030,0.5546805118218712,2022-07-25,84.0,81.0
20220726,6030,0.6169601632849029,2022-07-26,60.0,69.0
20220727,4827,0.2589436935082725,2022-07-27,66.0,61.0
20220728,5253,0.4727277778153834,2022-07-28,79.0,66.0
20220729,1616,0.2082671713634677,2022-07-29,63.0,60.0
20220801,4684,0.3340032305017761,2022-08-01,63.0,75.0
20220802,5183,0.2645593131236408,2022-08-02,74.0,60.0
20220803,4324,0.3872944368745969,2022-08-03,86.0,68.0
20220804,5660,0.158709535303971,2022-08-04,74.0,71.0
20220805,4813,0.3106225244895271,2022-08-05,90.0,77.0
20220808,5927,0.247289992072012,2022-08-08,81.0,76.0
20220809,7691,0.3092835087231967,2022-08-09,53.0,60.0
20220810,4593,0.1766012575736512,2022-08-10,64.0,64.0
20220811,5699,0.6035377592884975,2022-08-11,81.0,66.0
20220812,3674,0.370096568763256,2022-08-12,62.0,66.0
20220815,4935,0.6370023459325665,2022-08-15,70.0,62.0
20220816,6263,0.3652684586397979,2022-08-16,62.0,69.0
20220817,5712,0.5508154158229412,2022-08-17,63.0,61.0
20220818,6059,0.3018372489188028,2022-08-18,85.0,81.0
20220819,6718,0.5159099056021026,2022-08-19,65.0,64.0
20220822,5139,0.5057111951320067,2022-08-22,78.0,65.0
20220823,4863,0.2943993884325027,2022-08-23,83.0,74.0
20220824,4206,0.4903408248074676,2022-08-24,96.0,93.0
20220825,5323,0.4727277778153834,2022-08-25,58.0,62.0
20220826,5206,0.1384352847836587,2022-08-26,66.0,64.0
20220829,3951,0.1080144597703347,2022-08-29,98.0,76.0
20220830,4871,0.2956335595638855,2022-08-30,71.0,63.0
20220831,3735,0.5035603235985922,2022-08-31,78.0,75.0
20220902,7300,0.6713342943269273,2022-09-02,77.0,73.0
20220905,4605,0.1859600656026083,2022-09-05,67.0,61.0
20220906,6945,0.2984648639676363,2022-09-06,68.0,73.0
20220907,3303,0.1698454158429218,2022-09-07,70.0,61.0
20220908,5435,0.6082945339446482,2022-09-08,74.0,79.0
20220909,4468,0.1628619555286739,2022-09-09,76.0,64.0
20220912,4777,0.5842149224359056,2022-09-12,70.0,73.0
20220913,5115,0.6392940088329108,2022-09-13,74.0,81.0
20220914,4014,0.651884527919085,2022-09-14,102.0,67.0
20220915,5349,0.6534744659714076,2022-09-15,68.0,81.0
20220919,5439,0.4004183420279751,2022-09-19,75.0,67.0
20220920,6631,0.6615402782740799,2022-09-20,82.0,71.0
20220921,4705,0.1726283801152654,2022-09-21,91.0,66.0
20220922,5167,0.4420523815116156,2022-09-22,77.0,69.0
20220923,4862,0.113168094864358,2022-09-23,86.0,85.0
20220926,4399,0.1765583505675844,2022-09-26,60.0,98.0
20220927,5349,0.5499000076236932,2022-09-27,79.0,76.0
20220928,5048,0.4814195742620074,2022-09-28,85.0,88.0
20220929,5624,0.4654703558268754,2022-09-29,83.0,60.0
20220930,2957,0.262291409133569,2022-09-30,73.0,65.0
20221003,4618,0.5078074417295663,2022-10-03,78.0,65.0
20221004,5699,0.1906735514655061,2022-10-04,71.0,75.0
20221005,4696,0.3652684586397979,2022-10-05,87.0,64.0
20221006,6432,0.5616935312747955,2022-10-06,63.0,64.0
20221007,1629,0.2269904408085605,2022-10-07,70.0,50.0
20221010,4009,0.579297151060208,2022-10-10,78.0,96.0
20221011,5550,0.109479311124786,2022-10-11,74.0,88.0
20221012,4792,0.6035377592884975,2022-10-12,68.0,80.0
20221013,5524,0.3783534215001956,2022-10-13,86.0,71.0
20221014,4735,0.6932760150665821,2022-10-14,93.0,63.0
20221017,6565,0.5885080312386802,2022-10-17,88.0,75.0
20221018,4758,0.4205917419946711,2022-10-18,53.0,72.0
20221019,4934,0.1766485257641128,2022-10-19,73.0,83.0
20221020,5932,0.7927234714057134,2022-10-20,74.0,64.0
20221021,3598,0.2904070985641168,2022-10-21,77.0,87.0
20221024,5591,0.2402080306637546,2022-10-24,82.0,75.0
20221025,6325,0.3641240074971447,2022-10-25,91.0,80.0
20221026,5018,0.1717721636139828,2022-10-26,88.0,75.0
20221027,7396,0.753402563009573,2022-10-27,92.0,107.0
20221028,5973,0.6724787161013354,2022-10-28,77.0,56.0
20221031,4963,0.6273969327496445,2022-10-31,92.0,111.0
20221101,4853,0.2163784897618967,2022-11-01,59.0,62.0
20221103,6209,0.2402080306637546,2022-11-03,91.0,104.0
20221104,4921,0.3652684586397979,2022-11-04,82.0,92.0
20221107,5656,0.5821526842661525,2022-11-07,70.0,104.0
20221108,7460,0.6857283760801605,2022-11-08,56.0,64.0
20221109,4134,0.2563411089972309,2022-11-09,64.0,79.0
20221110,6643,0.6713342943269273,2022-11-10,55.0,68.0
20221111,6764,0.4772117508429547,2022-11-11,75.0,85.0
20221114,5748,0.5493462399944015,2022-11-14,70.0,0.0
20221115,5026,0.4008283227293387,2022-11-15,55.0,60.0
20221116,3254,0.2997727200259332,2022-11-16,55.0,69.0
20221117,6443,0.4836048360104146,2022-11-17,63.0,62.0
20221118,6039,0.1481956888800082,2022-11-18,68.0,67.0
20221121,6021,0.4893767534261164,2022-11-21,75.0,68.0
20221122,5245,0.5956021070480346,2022-11-22,72.0,110.0
20221123,4963,0.5127666810673216,2022-11-23,58.0,68.0
20221124,6216,0.7325377170806345,2022-11-24,71.0,66.0
20221125,3582,0.0,2022-11-25,68.0,62.0
20221128,5225,0.5423995340388753,2022-11-28,62.0,72.0
20221129,4941,0.3179665240645408,2022-11-29,81.0,75.0
20221130,3315,0.4079733818121578,2022-11-30,61.0,73.0
20221201,5846,0.2354708739953196,2022-12-01,68.0,65.0
20221202,3578,0.6096838281465613,2022-12-02,72.0,53.0
20221205,4623,0.6781995327705922,2022-12-05,92.0,75.0
20221206,5137,0.0996154059907016,2022-12-06,78.0,71.0
20221207,5592,0.5488886827360028,2022-12-07,82.0,77.0
20221208,5969,0.5488886827360028,2022-12-08,80.0,85.0
20221209,6398,0.4820364248817381,2022-12-09,71.0,54.0
20221213,5963,0.1586583464527907,2022-12-13,58.0,69.0
20221214,3315,0.3594580100865467,2022-12-14,60.0,62.0
20221215,4496,0.5882612792434899,2022-12-15,79.0,61.0
20221216,5541,0.1068068008222009,2022-12-16,76.0,60.0
20221219,5493,0.418119699333025,2022-12-19,107.0,97.0
20221220,7071,0.3061665393995201,2022-12-20,71.0,97.0
20221221,4410,0.2804719093571538,2022-12-21,66.0,66.0
20221222,6735,0.6207291076494299,2022-12-22,65.0,70.0
20221223,7186,0.6157291051874989,2022-12-23,59.0,63.0
20221226,7087,0.3904553998294083,2022-12-26,81.0,78.0
20221227,4995,0.6408907603180926,2022-12-27,66.0,68.0
20221228,41,0.047862324743815,2022-12-28,68.0,96.0
20221230,4140,0.4592689571950746,2022-12-30,84.0,86.0
20230102,6372,0.2465061829789825,2023-01-02,93.0,91.0
20230105,2986,0.2334849492104156,2023-01-05,77.0,77.0
20230109,5500,0.4365470102882903,2023-01-09,72.0,97.0
20230112,7168,0.4296186301176962,2023-01-12,66.0,74.0
20230113,2925,0.5323781490325927,2023-01-13,59.0,72.0
20230116,6629,0.2752435100532096,2023-01-16,85.0,90.0
20230117,6272,0.6342783237281052,2023-01-17,66.0,82.0
20230118,5295,0.3086818708544191,2023-01-18,57.0,71.0
20230120,6584,0.6092585759577543,2023-01-20,59.0,69.0
20230123,6424,0.618861404735109,2023-01-23,70.0,93.0
20230124,5001,0.2321216018530337,2023-01-24,62.0,63.0
20230125,6223,0.1716643234180367,2023-01-25,74.0,66.0
20230126,6561,0.6329169880955114,2023-01-26,62.0,60.0
20230127,3163,0.3616393952266029,2023-01-27,79.0,59.0
20230130,6154,0.2102912308146124,2023-01-30,88.0,96.0
20230131,3758,0.2293196656943663,2023-01-31,67.0,65.0
20230201,3692,0.4444929707827775,2023-02-01,82.0,87.0
20230202,4199,0.1464417879153852,2023-02-02,67.0,74.0
20230203,4041,0.3040190745825352,2023-02-03,65.0,74.0
20230206,4929,0.3946681571136349,2023-02-06,57.0,59.0
20230207,6790,0.2007645685808813,2023-02-07,69.0,71.0
20230208,5808,0.2232399397019458,2023-02-08,81.0,67.0
20230209,1439,0.2589105954960636,2023-02-09,84.0,82.0
20230210,4115,0.3018299949622672,2023-02-10,92.0,77.0
20230213,5301,0.1736119666954745,2023-02-13,50.0,70.0
20230214,5662,0.4766580125819081,2023-02-14,76.0,59.0
20230215,4825,0.7017959191747333,2023-02-15,65.0,72.0
20230216,5002,0.412259970864524,2023-02-16,61.0,62.0
20230217,5358,0.6677055539644282,2023-02-17,64.0,69.0
20230220,7959,0.3038485919198264,2023-02-20,72.0,78.0
20230221,3480,0.302950011725011,2023-02-21,78.0,70.0
20230222,3914,0.3120201299047988,2023-02-22,69.0,65.0
20230223,4610,0.1775639486474835,2023-02-23,63.0,67.0
20230224,3306,0.1578591483993374,2023-02-24,84.0,65.0
20230227,3725,0.1986249304012111,2023-02-27,88.0,74.0
20230228,7595,0.3319811974595422,2023-02-28,58.0,73.0
20230301,2824,0.4308300114908943,2023-03-01,70.0,51.0
20230302,4166,0.2007645685808813,2023-03-02,78.0,78.0
20230303,4561,0.1869876017615847,2023-03-03,63.0,62.0
20230306,5307,0.2465534658535667,2023-03-06,74.0,85.0
20230307,6013,0.2514107092761475,2023-03-07,76.0,64.0
20230308,5139,0.556428392296252,2023-03-08,71.0,68.0
20230309,3341,0.4081425429038379,2023-03-09,71.0,84.0
20230310,4399,0.5313596963736816,2023-03-10,70.0,74.0
20230313,5841,0.6559681823979253,2023-03-13,59.0,58.0
20230314,5100,0.2246615683416957,2023-03-14,65.0,61.0
20230315,4363,0.7086611576183982,2023-03-15,72.0,57.0
20230316,5903,0.1861519283477378,2023-03-16,74.0,73.0
20230317,4445,0.5938366056266038,2023-03-17,64.0,81.0
20230320,7917,0.5533308060143304,2023-03-20,73.0,74.0
20230321,4912,0.2761717815438042,2023-03-21,70.0,62.0
20230322,5653,0.5772399642286092,2023-03-22,75.0,71.0
20230323,2769,0.2073697512143331,2023-03-23,80.0,70.0
20230324,3766,0.2571915252701096,2023-03-24,76.0,71.0
20230327,7853,0.1453698910222105,2023-03-27,73.0,68.0
20230328,6733,0.4979114003932994,2023-03-28,66.0,62.0
20230331,3762,0.3184926855434541,2023-03-31,105.0,78.0
20230403,5519,0.3879603030953718,2023-04-03,73.0,64.0
20230404,7384,0.5058098136989966,2023-04-04,82.0,75.0
20230405,5920,0.2932549372898495,2023-04-05,58.0,57.0
20230410,6713,0.36888063531207,2023-04-10,70.0,70.0
20230411,5640,0.380570459689783,2023-04-11,69.0,60.0
20230412,4762,0.4866309693520483,2023-04-12,64.0,62.0
20230413,4048,0.4851618228917536,2023-04-13,74.0,65.0
20230414,6230,0.3398589061524557,2023-04-14,63.0,63.0
20230417,6301,0.7411157703140506,2023-04-17,66.0,62.0
20230418,5483,0.5860631835719813,2023-04-18,60.0,59.0
20230419,6197,0.6071501121702401,2023-04-19,77.0,58.0
20230420,3197,0.3689516770969266,2023-04-20,69.0,46.0
20230421,3286,0.4712096451222896,2023-04-21,59.0,57.0
20230428,7659,0.3641240074971447,2023-04-28,60.0,61.0
20230501,9370,0.3048126633011776,2023-05-01,81.0,57.0
20230502,6342,0.5725028662966645,2023-05-02,88.0,84.0
20230503,3621,0.2968449703053287,2023-05-03,65.0,62.0
20230504,6184,0.4593704244818376,2023-05-04,78.0,70.0
20230505,5649,0.5371349236887434,2023-05-05,78.0,67.0
20230508,6557,0.3872751713058222,2023-05-08,73.0,91.0
20230509,4747,0.1534427223354577,2023-05-09,67.0,66.0
20230510,2298,0.1434018808668074,2023-05-10,65.0,91.0
20230511,5535,0.4324662632657133,2023-05-11,78.0,73.0
20230512,6382,0.5091306573800418,2023-05-12,83.0,61.0
20230515,7579,0.4184754368857196,2023-05-15,59.0,88.0
20230516,6722,0.4513243182716162,2023-05-16,73.0,56.0
20230517,5196,0.1812033790511929,2023-05-17,44.0,65.0
20230518,4238,0.3001200876287792,2023-05-18,75.0,64.0
20230519,4522,0.1369872687757015,2023-05-19,75.0,59.0
20230522,4412,0.3823572824571443,2023-05-22,76.0,72.0
20230523,4351,0.2308874307216509,2023-05-23,76.0,67.0
20230524,5448,0.5227770236134529,2023-05-24,86.0,76.0
20230525,5608,0.1773850666666808,2023-05-25,80.0,82.0
20230526,5278,0.1542989388367404,2023-05-26,74.0,84.0
20230529,5939,0.3689516770969266,2023-05-29,91.0,91.0
20230530,5242,0.5303561453586039,2023-05-30,79.0,74.0
20230531,3685,0.4126522131458572,2023-05-31,90.0,74.0
20230601,4449,0.533340840106425,2023-06-01,71.0,75.0
20230602,4005,0.6815633128259492,2023-06-02,76.0,67.0
20230605,4462,0.2473610338568687,2023-06-05,73.0,74.0
20230606,3218,0.3175782171280487,2023-06-06,83.0,94.0
20230607,4125,0.1325592716232589,2023-06-07,79.0,71.0
20230608,6914,0.6932760150665821,2023-06-08,63.0,66.0
20230609,3821,0.2934790757363257,2023-06-09,76.0,70.0
20230612,6586,0.247289992072012,2023-06-12,95.0,93.0
20230613,5971,0.6175633283024248,2023-06-13,55.0,62.0
20230614,3706,0.6170853894819384,2023-06-14,71.0,55.0
20230615,4165,0.6439801234913908,2023-06-15,78.0,62.0
20230616,2988,0.5864311676828757,2023-06-16,82.0,65.0
20230619,6335,0.3649894603115061,2023-06-19,72.0,66.0
20230620,7240,0.6559681823979253,2023-06-20,75.0,61.0
20230621,4424,0.1815580593470646,2023-06-21,62.0,64.0
20230623,4641,0.2735333090372707,2023-06-23,90.0,80.0
20230626,4118,0.5090283384141714,2023-06-26,79.0,80.0
20230627,4796,0.1446195617285759,2023-06-27,76.0,72.0
20230628,5157,0.3273996337535588,2023-06-28,69.0,69.0
20230629,5174,0.2308874307216509,2023-06-29,77.0,65.0
20230630,5619,0.5665354151051977,2023-06-30,53.0,62.0
20230703,5142,0.2450738936662673,2023-07-03,54.0,84.0
20230704,6183,0.2943993884325027,2023-07-04,77.0,58.0
20230705,4143,0.38139388654543,2023-07-05,63.0,64.0
20230706,3978,0.4463925676112589,2023-07-06,58.0,63.0
20230707,4633,0.3351409856845503,2023-07-07,64.0,59.0
20230710,6688,0.8063044051890788,2023-07-10,73.0,79.0
20230711,5763,0.4917681508867636,2023-07-11,78.0,60.0
20230713,4786,0.2483251052382199,2023-07-13,70.0,74.0
20230714,6335,0.6792345872003098,2023-07-14,59.0,45.0
20230717,4440,0.5043549108375673,2023-07-17,75.0,108.0
20230718,7157,0.6714720901328584,2023-07-18,74.0,71.0
20230719,6390,0.2819052867932231,2023-07-19,66.0,77.0
20230720,4313,0.4486425569718298,2023-07-20,70.0,69.0
20230721,6085,0.2992024180746596,2023-07-21,75.0,61.0
20230725,6123,0.4766871165127857,2023-07-25,77.0,60.0
20230726,3814,0.6548237606235172,2023-07-26,70.0,46.0
20230727,4821,0.6200679109796233,2023-07-27,70.0,72.0
20230728,4861,0.2662180609741936,2023-07-28,66.0,67.0
20230731,5229,0.6728141601966774,2023-07-31,82.0,71.0
20230801,7293,0.5488886827360028,2023-08-01,69.0,52.0
20230802,5623,0.6388457906764486,2023-08-02,70.0,50.0
20230803,5172,0.4856300701913625,2023-08-03,70.0,65.0
20230804,3585,0.2690268693022106,2023-08-04,77.0,70.0
20230807,4397,0.5541030146505521,2023-08-07,77.0,89.0
20230808,5868,0.6486869133944096,2023-08-08,62.0,76.0
20230809,6169,0.1698454158429218,2023-08-09,56.0,77.0
20230810,4885,0.1774929068626269,2023-08-10,62.0,61.0
20230811,3676,0.2768967073054417,2023-08-11,79.0,69.0
20230814,3302,0.1348929502541279,2023-08-14,59.0,60.0
20230815,4530,0.4140692603393741,2023-08-15,60.0,60.0
20230816,4017,0.2309584725065075,2023-08-16,65.0,57.0
20230817,5036,0.6100947486317675,2023-08-17,57.0,61.0
20230818,3446,0.2637667522935763,2023-08-18,88.0,74.0
20230821,5390,0.2670029860605364,2023-08-21,63.0,60.0
20230822,6603,0.5993580706482348,2023-08-22,68.0,47.0
20230823,7053,0.5165483712502147,2023-08-23,65.0,60.0
20230824,3922,0.3821996630857819,2023-08-24,68.0,78.0
20230825,5998,0.4956926882137422,2023-08-25,74.0,69.0
20230828,5931,0.4013549834684184,2023-08-28,100.0,73.0
20230829,6356,0.1610310069730748,2023-08-29,79.0,76.0
20230830,5191,0.7356284899296968,2023-08-30,69.0,71.0
20230831,5101,0.1990897563002679,2023-08-31,75.0,63.0
20230904,2657,0.3078350375074407,2023-09-04,93.0,60.0
20230905,5768,0.4478802160659561,2023-09-05,69.0,61.0
20230906,4282,0.1779196862001781,2023-09-06,68.0,54.0
20230907,4024,0.1507610785086517,2023-09-07,71.0,63.0
20230908,4500,0.11188010642386,2023-09-08,69.0,63.0
20230913,3717,0.5917840002412381,2023-09-13,63.0,65.0
20230914,3616,0.15175933452728,2023-09-14,61.0,63.0
20230918,5928,0.3812932709377744,2023-09-18,65.0,61.0
20230921,5179,0.2246615683416957,2023-09-21,76.0,56.0
20230926,6337,0.2759326359240905,2023-09-26,93.0,65.0
20230927,5034,0.4955848480177962,2023-09-27,81.0,74.0
20230928,4815,0.6613263012404027,2023-09-28,73.0,83.0
20230929,4811,0.119987658344857,2023-09-29,61.0,67.0
20231002,6411,0.418788443641818,2023-10-02,58.0,60.0
20231003,5792,0.5981549123836599,2023-10-03,71.0,63.0
20231004,4899,0.1784201651487661,2023-10-04,65.0,65.0
20231005,4174,0.2807037129155967,2023-10-05,65.0,75.0
20231006,3850,0.275558660691199,2023-10-06,65.0,61.0
20231009,6655,0.3476135325302248,2023-10-09,60.0,62.0
20231010,5613,0.4971337292634922,2023-10-10,47.0,56.0
20231011,3407,0.336535448697598,2023-10-11,55.0,50.0
20231013,4251,0.253814529504465,2023-10-13,67.0,68.0
20231017,5256,0.5537532975880995,2023-10-17,91.0,61.0
20231018,5517,0.1804800832271575,2023-10-18,72.0,80.0
20231019,4421,0.1619375459623077,2023-10-19,63.0,63.0
20231020,4376,0.3339301035715186,2023-10-20,73.0,70.0
20231023,4206,0.8069038020219561,2023-10-23,81.0,97.0
20231024,5181,0.2955360569902088,2023-10-24,56.0,68.0
20231026,6090,0.2511264834002308,2023-10-26,67.0,57.0
20231027,5555,0.3492728383774342,2023-10-27,78.0,58.0
20231030,7619,0.2135019876289626,2023-10-30,71.0,65.0
20231031,5156,0.3759799680372943,2023-10-31,89.0,69.0
20231101,5056,0.3440556577431118,2023-11-01,53.0,56.0
20231103,4604,0.2857517030899939,2023-11-03,79.0,80.0
20231106,6588,0.6687056014460065,2023-11-06,86.0,66.0
20231108,7739,0.2954539433769557,2023-11-08,68.0,63.0
20231109,5799,0.3467486083442749,2023-11-09,78.0,76.0
20231110,5541,0.5596980177578719,2023-11-10,67.0,60.0
20231113,5894,0.4079389034924299,2023-11-13,0.0,0.0
20231114,9378,0.5451142171414002,2023-11-14,0.0,0.0
20231115,3358,0.1660723011875929,2023-11-15,0.0,0.0
20231121,5560,0.1912656740228766,2023-11-21,64.0,58.0
20231122,3972,0.3847635696180488,2023-11-22,64.0,53.0
20231123,5496,0.2952074556959712,2023-11-23,56.0,59.0
20231124,6470,0.55476820540169,2023-11-24,0.0,0.0
20231127,4787,0.3396820212123186,2023-11-27,0.0,0.0
20231128,4720,0.5706759265065192,2023-11-28,0.0,0.0
20231129,6053,0.3758973257956297,2023-11-29,0.0,0.0
20231130,5224,0.7756622831069904,2023-11-30,0.0,0.0
20231201,2668,0.1998555626590614,2023-12-01,63.0,58.0
20231204,5802,0.3270816637640413,2023-12-04,77.0,60.0
20231205,4490,0.1363642801927483,2023-12-05,58.0,75.0
20231206,4537,0.8223280133890069,2023-12-06,57.0,53.0
20231207,4458,0.5078352240894152,2023-12-07,67.0,62.0
20231208,4565,0.1836295485140188,2023-12-08,95.0,62.0
20231211,5747,0.6910077880258145,2023-12-11,0.0,0.0
20231213,6880,0.6070650617324787,2023-12-13,0.0,0.0
20231214,6244,0.4342547893912895,2023-12-14,0.0,0.0
20231215,5244,0.1459333501723797,2023-12-15,67.0,64.0
20231218,6228,0.5606620597709779,2023-12-18,57.0,67.0
20231219,5051,0.5388050957866336,2023-12-19,59.0,62.0
20231220,5504,0.4187080333867798,2023-12-20,59.0,40.0
20231221,3480,0.1026716784938521,2023-12-21,59.0,57.0
20231222,6121,0.2564311226684114,2023-12-22,0.0,0.0
20231226,5256,0.4604528205226296,2023-12-26,0.0,0.0
20231229,6617,0.3096692312541215,2023-12-29,73.0,56.0
20240102,6038,0.4856668979706971,2024-01-02,58.0,58.0
20240103,3901,0.5762788003035213,2024-01-03,68.0,59.0
20240104,6151,0.6071318451217983,2024-01-04,66.0,53.0
20240105,4915,0.614954664564651,2024-01-05,56.0,65.0
20240108,4097,0.1051997117147497,2024-01-08,0.0,0.0
20240109,6443,0.2465061829789825,2024-01-09,75.0,55.0
20240110,5874,0.1977334279534609,2024-01-10,0.0,0.0
20240111,5479,0.2431314485682093,2024-01-11,0.0,0.0
20240112,3919,0.2819283099990823,2024-01-12,61.0,0.0
20240115,5296,0.3461665884632131,2024-01-15,78.0,0.0
20240117,4930,0.2416980579463035,2024-01-17,72.0,0.0
20240118,5523,0.3898199297422948,2024-01-18,54.0,0.0
20240119,4372,0.3400638083984022,2024-01-19,0.0,0.0
20240122,5736,0.6148011273793551,2024-01-22,0.0,0.0
20240124,3555,0.5147602562800697,2024-01-24,0.0,0.0
20240125,5889,0.1625593744995801,2024-01-25,0.0,0.0
20240126,4842,0.6502505374991375,2024-01-26,74.0,0.0
20240129,6676,0.5479246407228967,2024-01-29,91.0,0.0
20240131,7274,0.485559057774751,2024-01-31,77.0,0.0
20240201,5701,0.3687870093467442,2024-02-01,69.0,0.0
20240202,4985,0.1417599316524422,2024-02-02,76.0,0.0
20240206,5904,0.2308874307216509,2024-02-06,0.0,0.0
20240208,5161,0.1315055096214232,2024-02-08,0.0,0.0
20240212,5451,0.3819432783062043,2024-02-12,80.0,0.0
20240213,4940,0.4441856614662253,2024-02-13,82.0,0.0
20240214,6419,0.473282220914312,2024-02-14,61.0,0.0
20240215,6998,0.5787863198052281,2024-02-15,59.0,0.0
20240216,5537,0.1316619836312273,2024-02-16,0.0,0.0
20240219,5169,0.5398769779956859,2024-02-19,0.0,0.0
20240220,7456,0.5491474169751872,2024-02-20,0.0,0.0
20240222,4650,0.4526856245359648,2024-02-22,0.0,0.0
20240223,5733,0.2289606829505899,2024-02-23,87.0,0.0
