Word,Score
es,0.44859021108325803
mil,0.2023715237969585
ya,0.1989986650670092
más,0.19225294760711056
también,0.17876151268731333
va,0.14840578411776956
todo,0.14166006665787095
tabasco,0.13491434919797232
vamos,0.1247957730081244
son,0.1247957730081244
eso,0.1247957730081244
presidente,0.1214229142781751
entonces,0.11805005554822579
está,0.11805005554822579
estado,0.10793147935837787
muy,0.10793147935837787
no,0.10118576189847925
era,0.10118576189847925
su,0.09781290316852995
tiene,0.09781290316852995
están,0.09444004443858063
nacional,0.09444004443858063
todos,0.09444004443858063
sí,0.09106718570863133
pesos,0.09106718570863133
año,0.09106718570863133
qué,0.08769432697868201
millones,0.08769432697868201
ha,0.08769432697868201
ahora,0.0809486095187834
dos,0.0775757507888341
hay,0.07420289205888478
ese,0.07420289205888478
cuando,0.07083003332893548
pueblo,0.07083003332893548
fue,0.07083003332893548
así,0.07083003332893548
aquí,0.07083003332893548
ver,0.06745717459898616
tres,0.06745717459898616
pensión,0.06745717459898616
gente,0.06408431586903686
años,0.06408431586903686
bienestar,0.06408431586903686
gobierno,0.06071145713908755
esto,0.06071145713908755
nada,0.05733859840913824
van,0.05733859840913824
bueno,0.05733859840913824
cómo,0.05733859840913824
seguridad,0.05733859840913824
han,0.05733859840913824
méxico,0.05396573967918893
ciento,0.05396573967918893
ser,0.050592880949239624
voy,0.050592880949239624
pública,0.050592880949239624
lugar,0.050592880949239624
mucho,0.050592880949239624
tiempo,0.050592880949239624
país,0.050592880949239624
personas,0.050592880949239624
esa,0.050592880949239624
poder,0.050592880949239624
tenemos,0.047220022219290315
pues,0.047220022219290315
tener,0.047220022219290315
estar,0.047220022219290315
nosotros,0.047220022219290315
todas,0.04384716348934101
río,0.04384716348934101
jesús,0.04384716348934101
tren,0.0404743047593917
corrupción,0.0404743047593917
nivel,0.0404743047593917
gráfica,0.0404743047593917
manera,0.0404743047593917
sexenio,0.0404743047593917
estaba,0.0404743047593917
adultos,0.03710144602944239
secretario,0.03710144602944239
sólo,0.03710144602944239
fueron,0.03710144602944239
decir,0.03710144602944239
antes,0.03710144602944239
mayores,0.03710144602944239
estamos,0.03710144602944239
jóvenes,0.03372858729949308
bien,0.03372858729949308
señor,0.03372858729949308
parte,0.03372858729949308
días,0.03372858729949308
obras,0.03372858729949308
cuatro,0.03372858729949308
seguir,0.03372858729949308
hacer,0.03372858729949308
eran,0.03372858729949308
mayoría,0.03372858729949308
cinco,0.03372858729949308
que,0.03372858729949308
agua,0.030355728569543775
don,0.030355728569543775
nieto,0.030355728569543775
monto,0.030355728569543775
municipios,0.030355728569543775
municipales,0.030355728569543775
desarrollo,0.030355728569543775
muchas,0.030355728569543775
secretaría,0.030355728569543775
baja,0.030355728569543775
él,0.030355728569543775
derecho,0.030355728569543775
noviembre,0.030355728569543775
creo,0.030355728569543775
sus,0.030355728569543775
otros,0.030355728569543775
puede,0.030355728569543775
todavía,0.030355728569543775
empresas,0.030355728569543775
importante,0.030355728569543775
100,0.030355728569543775
progreso,0.030355728569543775
homicidios,0.030355728569543775
donde,0.026982869839594466
delitos,0.026982869839594466
malecón,0.026982869839594466
cuanto,0.026982869839594466
magistrados,0.026982869839594466
lópez,0.026982869839594466
día,0.026982869839594466
federal,0.026982869839594466
luego,0.026982869839594466
gobernador,0.026982869839594466
entregar,0.026982869839594466
justicia,0.026982869839594466
judicial,0.026982869839594466
cuánto,0.026982869839594466
guardia,0.026982869839594466
carlos,0.026982869839594466
elementos,0.026982869839594466
cada,0.026982869839594466
había,0.026982869839594466
habían,0.026982869839594466
buenos,0.026982869839594466
importantes,0.026982869839594466
sea,0.026982869839594466
mes,0.026982869839594466
sureste,0.026982869839594466
quién,0.026982869839594466
robo,0.026982869839594466
marina,0.026982869839594466
ningún,0.026982869839594466
transformación,0.026982869839594466
silva,0.026982869839594466
sistema,0.026982869839594466
mejor,0.026982869839594466
nuevo,0.026982869839594466
mayor,0.026982869839594466
partir,0.026982869839594466
ríos,0.023610011109645158
energía,0.023610011109645158
apoyo,0.023610011109645158
programas,0.023610011109645158
reforma,0.023610011109645158
saben,0.023610011109645158
estados,0.023610011109645158
estoy,0.023610011109645158
presupuesto,0.023610011109645158
presidentes,0.023610011109645158
porfirio,0.023610011109645158
pueden,0.023610011109645158
dinero,0.023610011109645158
salud,0.023610011109645158
cosas,0.023610011109645158
zedillo,0.023610011109645158
cabo,0.023610011109645158
uno,0.023610011109645158
caso,0.023610011109645158
centro,0.023610011109645158
compromiso,0.023610011109645158
tenía,0.023610011109645158
segundo,0.023610011109645158
cuarta,0.023610011109645158
cuenta,0.023610011109645158
sido,0.023610011109645158
digo,0.023610011109645158
petróleo,0.023610011109645158
discapacidad,0.023610011109645158
por,0.023610011109645158
además,0.023610011109645158
mismo,0.023610011109645158
jueces,0.023610011109645158
línea,0.023610011109645158
participado,0.023610011109645158
hacen,0.023610011109645158
ir,0.023610011109645158
mal,0.023610011109645158
herzog,0.023610011109645158
hablando,0.023610011109645158
maya,0.023610011109645158
inversión,0.02023715237969585
lleva,0.02023715237969585
nuestro,0.02023715237969585
tendencia,0.02023715237969585
trabajo,0.02023715237969585
realidad,0.02023715237969585
seis,0.02023715237969585
ciudadanos,0.02023715237969585
construcción,0.02023715237969585
díaz,0.02023715237969585
obrador,0.02023715237969585
imagínense,0.02023715237969585
ahí,0.02023715237969585
estaban,0.02023715237969585
libros,0.02023715237969585
30,0.02023715237969585
20,0.02023715237969585
economía,0.02023715237969585
litros,0.02023715237969585
quienes,0.02023715237969585
otra,0.02023715237969585
cuándo,0.02023715237969585
villahermosa,0.02023715237969585
viendo,0.02023715237969585
gracias,0.02023715237969585
gobiernos,0.02023715237969585
plan,0.02023715237969585
gobernadores,0.02023715237969585
fuerzas,0.02023715237969585
menos,0.02023715237969585
calificada,0.02023715237969585
presencia,0.02023715237969585
cargo,0.02023715237969585
extranjeras,0.02023715237969585
haciendo,0.02023715237969585
libro,0.02023715237969585
estatales,0.02023715237969585
licenciado,0.02023715237969585
creó,0.02023715237969585
millón,0.01686429364974654
social,0.01686429364974654
cárdenas,0.01686429364974654
pasar,0.01686429364974654
termine,0.01686429364974654
creel,0.01686429364974654
toda,0.01686429364974654
da,0.01686429364974654
mexicana,0.01686429364974654
carreteras,0.01686429364974654
tribunal,0.01686429364974654
candidato,0.01686429364974654
campaña,0.01686429364974654
medicamento,0.01686429364974654
vas,0.01686429364974654
vehículos,0.01686429364974654
ministros,0.01686429364974654
será,0.01686429364974654
dar,0.01686429364974654
de,0.01686429364974654
palenque,0.01686429364974654
programa,0.01686429364974654
primera,0.01686429364974654
pri,0.01686429364974654
farmacia,0.01686429364974654
federales,0.01686429364974654
presas,0.01686429364974654
hace,0.01686429364974654
general,0.01686429364974654
pasado,0.01686429364974654
política,0.01686429364974654
planta,0.01686429364974654
grandes,0.01686429364974654
gratuita,0.01686429364974654
grijalva,0.01686429364974654
público,0.01686429364974654
hicieron,0.01686429364974654
historia,0.01686429364974654
nuestros,0.01686429364974654
decisión,0.01686429364974654
defensa,0.01686429364974654
siendo,0.01686429364974654
siempre,0.01686429364974654
dije,0.01686429364974654
director,0.01686429364974654
dolosos,0.01686429364974654
resultados,0.01686429364974654
persona,0.01686429364974654
secundaria,0.01686429364974654
información,0.01686429364974654
incremento,0.01686429364974654
obra,0.01686429364974654
hizo,0.01686429364974654
manuel,0.01686429364974654
10,0.01686429364974654
acueducto,0.01686429364974654
acuerdo,0.01686429364974654
50,0.01686429364974654
algunos,0.01686429364974654
16,0.01686429364974654
asunto,0.01686429364974654
vaya,0.013491434919797233
veces,0.013491434919797233
enero,0.013491434919797233
cerca,0.013491434919797233
teapa,0.013491434919797233
encontré,0.013491434919797233
centros,0.013491434919797233
repite,0.013491434919797233
pero,0.013491434919797233
proyectos,0.013491434919797233
publicistas,0.013491434919797233
tan,0.013491434919797233
respecto,0.013491434919797233
medio,0.013491434919797233
televisión,0.013491434919797233
vez,0.013491434919797233
cambiando,0.013491434919797233
ejército,0.013491434919797233
candidatos,0.013491434919797233
porque,0.013491434919797233
promovió,0.013491434919797233
veía,0.013491434919797233
igual,0.013491434919797233
tabasqueños,0.013491434919797233
cargos,0.013491434919797233
garantizar,0.013491434919797233
propósito,0.013491434919797233
resultado,0.013491434919797233
sé,0.013491434919797233
casi,0.013491434919797233
norte,0.013491434919797233
modernidad,0.013491434919797233
peña,0.013491434919797233
atrás,0.013491434919797233
trabajos,0.013491434919797233
poco,0.013491434919797233
mejorar,0.013491434919797233
eventos,0.013491434919797233
través,0.013491434919797233
incluye,0.013491434919797233
quien,0.013491434919797233
febrero,0.013491434919797233
queremos,0.013491434919797233
infraestructura,0.013491434919797233
mi,0.013491434919797233
tierra,0.013491434919797233
tienen,0.013491434919797233
plantas,0.013491434919797233
control,0.013491434919797233
nueva,0.013491434919797233
mayas,0.013491434919797233
comalcalco,0.013491434919797233
instalaciones,0.013491434919797233
tenido,0.013491434919797233
corruptos,0.013491434919797233
tengo,0.013491434919797233
aun,0.013491434919797233
ciudad,0.013491434919797233
registro,0.013491434919797233
frase,0.013491434919797233
2012,0.013491434919797233
crearon,0.013491434919797233
ejemplares,0.013491434919797233
macuspana,0.013491434919797233
casas,0.013491434919797233
14,0.013491434919797233
22,0.013491434919797233
dicen,0.013491434919797233
neoliberal,0.013491434919797233
hubo,0.013491434919797233
dice,0.013491434919797233
hoy,0.013491434919797233
época,0.013491434919797233
buena,0.013491434919797233
hacienda,0.013491434919797233
hicimos,0.013491434919797233
llevó,0.013491434919797233
llevar,0.013491434919797233
hidroeléctricas,0.013491434919797233
deuda,0.013491434919797233
desazolve,0.013491434919797233
llama,0.013491434919797233
siguiente,0.013491434919797233
bimestre,0.013491434919797233
algún,0.013491434919797233
particulares,0.013491434919797233
partidos,0.013491434919797233
partido,0.013491434919797233
habitantes,0.013491434919797233
acciones,0.013491434919797233
somos,0.013491434919797233
sociales,0.013491434919797233
mínimo,0.013491434919797233
peor,0.013491434919797233
delito,0.013491434919797233
haya,0.013491434919797233
muchos,0.013491434919797233
medicinas,0.010118576189847924
tercero,0.010118576189847924
secuestros,0.010118576189847924
evolución,0.010118576189847924
especial,0.010118576189847924
convoco,0.010118576189847924
paz,0.010118576189847924
reformar,0.010118576189847924
coordinaciones,0.010118576189847924
tenían,0.010118576189847924
plazo,0.010118576189847924
tenosique,0.010118576189847924
teniendo,0.010118576189847924
diputados,0.010118576189847924
total,0.010118576189847924
conmigo,0.010118576189847924
ramírez,0.010118576189847924
25,0.010118576189847924
limpia,0.010118576189847924
terminar,0.010118576189847924
recursos,0.010118576189847924
sentido,0.010118576189847924
recibido,0.010118576189847924
medicamentos,0.010118576189847924
dicho,0.010118576189847924
afectan,0.010118576189847924
informar,0.010118576189847924
autoridad,0.010118576189847924
medios,0.010118576189847924
aérea,0.010118576189847924
constitución,0.010118576189847924
tenga,0.010118576189847924
dirigente,0.010118576189847924
constitucional,0.010118576189847924
contrario,0.010118576189847924
paseo,0.010118576189847924
recordar,0.010118576189847924
iniciando,0.010118576189847924
libres,0.010118576189847924
etapa,0.010118576189847924
tomar,0.010118576189847924
libertad,0.010118576189847924
ley,0.010118576189847924
ejecutivo,0.010118576189847924
adelante,0.010118576189847924
2006,0.010118576189847924
cuántos,0.010118576189847924
mentira,0.010118576189847924
empiezan,0.010118576189847924
solamente,0.010118576189847924
logrado,0.010118576189847924
apúrese,0.010118576189847924
daban,0.010118576189847924
pensiones,0.010118576189847924
ellos,0.010118576189847924
económico,0.010118576189847924
pan,0.010118576189847924
aguas,0.010118576189847924
maestros,0.010118576189847924
maestro,0.010118576189847924
2024,0.010118576189847924
debate,0.010118576189847924
deben,0.010118576189847924
otras,0.010118576189847924
supremo,0.010118576189847924
elección,0.010118576189847924
elecciones,0.010118576189847924
efectivamente,0.010118576189847924
decía,0.010118576189847924
paisanos,0.010118576189847924
superior,0.010118576189847924
sabía,0.010118576189847924
en,0.010118576189847924
dónde,0.010118576189847924
televisa,0.010118576189847924
región,0.010118576189847924
mantenimiento,0.010118576189847924
sierra,0.010118576189847924
efectivos,0.010118576189847924
secretariado,0.010118576189847924
creciendo,0.010118576189847924
aumento,0.010118576189847924
enviar,0.010118576189847924
san,0.010118576189847924
hemos,0.010118576189847924
salinas,0.010118576189847924
cuales,0.010118576189847924
culpa,0.010118576189847924
manipulación,0.010118576189847924
llegó,0.010118576189847924
sino,0.010118576189847924
tarjetas,0.010118576189847924
labor,0.010118576189847924
ariadna,0.010118576189847924
cuento,0.010118576189847924
rescate,0.010118576189847924
kilómetro,0.010118576189847924
cuevas,0.010118576189847924
cuidado,0.010118576189847924
siete,0.010118576189847924
dijo,0.010118576189847924
pones,0.010118576189847924
quedar,0.010118576189847924
ayer,0.010118576189847924
ciro,0.010118576189847924
fox,0.010118576189847924
viudas,0.010118576189847924
misión,0.010118576189847924
gran,0.010118576189847924
buenas,0.010118576189847924
buen,0.010118576189847924
hospitales,0.010118576189847924
porfiriato,0.010118576189847924
bots,0.010118576189847924
primero,0.010118576189847924
11,0.010118576189847924
ministerio,0.010118576189847924
horas,0.010118576189847924
amparos,0.010118576189847924
finales,0.010118576189847924
mundo,0.010118576189847924
militares,0.010118576189847924
nuevas,0.010118576189847924
ferrocarriles,0.010118576189847924
usaba,0.010118576189847924
fraude,0.010118576189847924
mito,0.010118576189847924
práctica,0.010118576189847924
iguales,0.010118576189847924
carrizal,0.010118576189847924
111,0.010118576189847924
casa,0.010118576189847924
vienen,0.010118576189847924
viernes,0.010118576189847924
impacto,0.010118576189847924
proyecto,0.010118576189847924
mentiras,0.010118576189847924
iba,0.010118576189847924
ustedes,0.010118576189847924
huérfanos,0.010118576189847924
cero,0.010118576189847924
publicidad,0.010118576189847924
modo,0.010118576189847924
neoliberalismo,0.010118576189847924
frontera,0.010118576189847924
algo,0.010118576189847924
problema,0.010118576189847924
huimanguillo,0.010118576189847924
nueve,0.010118576189847924
fobaproa,0.010118576189847924
mesa,0.010118576189847924
con,0.010118576189847924
comunicación,0.010118576189847924
favor,0.010118576189847924
merino,0.010118576189847924
concluir,0.010118576189847924
museo,0.010118576189847924
incluso,0.010118576189847924
potentados,0.010118576189847924
anual,0.010118576189847924
común,0.010118576189847924
tu,0.010118576189847924
beneficio,0.010118576189847924
habitación,0.010118576189847924
becas,0.010118576189847924
mexicanos,0.010118576189847924
trata,0.010118576189847924
billón,0.010118576189847924
hecho,0.010118576189847924
quiero,0.010118576189847924
habido,0.010118576189847924
médicos,0.010118576189847924
bello,0.010118576189847924
falta,0.010118576189847924
necesita,0.010118576189847924
percepción,0.006745717459898617
eh,0.006745717459898617
ejercer,0.006745717459898617
anteriores,0.006745717459898617
efecto,0.006745717459898617
junio,0.006745717459898617
ejercicio,0.006745717459898617
presenta,0.006745717459898617
humanismo,0.006745717459898617
proceso,0.006745717459898617
ejemplo,0.006745717459898617
posible,0.006745717459898617
produce,0.006745717459898617
anterior,0.006745717459898617
374,0.006745717459898617
juicio,0.006745717459898617
hago,0.006745717459898617
generaciones,0.006745717459898617
generación,0.006745717459898617
dio,0.006745717459898617
periódico,0.006745717459898617
he,0.006745717459898617
60,0.006745717459898617
almacén,0.006745717459898617
revolución,0.006745717459898617
progresista,0.006745717459898617
reyes,0.006745717459898617
periodo,0.006745717459898617
allá,0.006745717459898617
directo,0.006745717459898617
electricidad,0.006745717459898617
periodistas,0.006745717459898617
arriba,0.006745717459898617
hacía,0.006745717459898617
iban,0.006745717459898617
hamaca,0.006745717459898617
generar,0.006745717459898617
privatiza,0.006745717459898617
gobernó,0.006745717459898617
dragas,0.006745717459898617
precisamente,0.006745717459898617
kilómetros,0.006745717459898617
pensando,0.006745717459898617
salario,0.006745717459898617
dueño,0.006745717459898617
gurría,0.006745717459898617
pendientes,0.006745717459898617
dren,0.006745717459898617
34,0.006745717459898617
hablé,0.006745717459898617
gusta,0.006745717459898617
distintos,0.006745717459898617
dragado,0.006745717459898617
lado,0.006745717459898617
gusto,0.006745717459898617
amor,0.006745717459898617
haber,0.006745717459898617
pemex,0.006745717459898617
dólares,0.006745717459898617
pasó,0.006745717459898617
robot,0.006745717459898617
hijos,0.006745717459898617
educación,0.006745717459898617
pregunto,0.006745717459898617
régimen,0.006745717459898617
860,0.006745717459898617
311,0.006745717459898617
privadas,0.006745717459898617
hacemos,0.006745717459898617
hijo,0.006745717459898617
40,0.006745717459898617
hubiese,0.006745717459898617
dispersar,0.006745717459898617
gonzález,0.006745717459898617
sabe,0.006745717459898617
prioridades,0.006745717459898617
396,0.006745717459898617
pensaron,0.006745717459898617
andrés,0.006745717459898617
pensar,0.006745717459898617
jefatura,0.006745717459898617
inconclusas,0.006745717459898617
eléctrica,0.006745717459898617
planteando,0.006745717459898617
estructura,0.006745717459898617
recomiendo,0.006745717459898617
quedaron,0.006745717459898617
feliz,0.006745717459898617
ingenieros,0.006745717459898617
estilo,0.006745717459898617
estaremos,0.006745717459898617
quedando,0.006745717459898617
quedan,0.006745717459898617
estambul,0.006745717459898617
iniciativa,0.006745717459898617
estación,0.006745717459898617
redes,0.006745717459898617
esta,0.006745717459898617
inaugurarlo,0.006745717459898617
refinería,0.006745717459898617
inaugurar,0.006745717459898617
esperanza,0.006745717459898617
440,0.006745717459898617
públicos,0.006745717459898617
inaugurando,0.006745717459898617
500,0.006745717459898617
flores,0.006745717459898617
esos,0.006745717459898617
piezas,0.006745717459898617
recibían,0.006745717459898617
estuvimos,0.006745717459898617
jaime,0.006745717459898617
informarlo,0.006745717459898617
extraído,0.006745717459898617
quintero,0.006745717459898617
extraordinario,0.006745717459898617
extranjeros,0.006745717459898617
extorsión,0.006745717459898617
incrementó,0.006745717459898617
radio,0.006745717459898617
podemos,0.006745717459898617
existía,0.006745717459898617
individual,0.006745717459898617
realizando,0.006745717459898617
falten,0.006745717459898617
policías,0.006745717459898617
familias,0.006745717459898617
alcanzar,0.006745717459898617
europa,0.006745717459898617
etapas,0.006745717459898617
esté,0.006745717459898617
recibe,0.006745717459898617
48,0.006745717459898617
favorecer,0.006745717459898617
seguro,0.006745717459898617
fe,0.006745717459898617
informando,0.006745717459898617
incidencia,0.006745717459898617
aportado,0.006745717459898617
escritores,0.006745717459898617
fondo,0.006745717459898617
políticos,0.006745717459898617
alcanza,0.006745717459898617
requieren,0.006745717459898617
fuerza,0.006745717459898617
fuese,0.006745717459898617
invertido,0.006745717459898617
fui,0.006745717459898617
personal,0.006745717459898617
encuentra,0.006745717459898617
funciona,0.006745717459898617
funcionarios,0.006745717459898617
práctico,0.006745717459898617
resolución,0.006745717459898617
permitió,0.006745717459898617
imparcial,0.006745717459898617
aprovecho,0.006745717459898617
empresa,0.006745717459898617
empleos,0.006745717459898617
alguien,0.006745717459898617
ponía,0.006745717459898617
ponían,0.006745717459898617
respeto,0.006745717459898617
permiso,0.006745717459898617
resulta,0.006745717459898617
iii,0.006745717459898617
istmo,0.006745717459898617
próximo,0.006745717459898617
inundar,0.006745717459898617
importa,0.006745717459898617
regla,0.006745717459898617
imss,0.006745717459898617
puente,0.006745717459898617
forjada,0.006745717459898617
instituciones,0.006745717459898617
escribir,0.006745717459898617
esclavo,0.006745717459898617
esclavitud,0.006745717459898617
forma,0.006745717459898617
pone,0.006745717459898617
fortalecimiento,0.006745717459898617
importantísimo,0.006745717459898617
intelectual,0.006745717459898617
repente,0.006745717459898617
regresar,0.006745717459898617
equilibrar,0.006745717459898617
alertamientos,0.006745717459898617
puebla,0.006745717459898617
intelectuales,0.006745717459898617
reina,0.006745717459898617
inteligencia,0.006745717459898617
publicitario,0.006745717459898617
importaba,0.006745717459898617
apoyos,0.006745717459898617
entiende,0.006745717459898617
nacieron,0.006745717459898617
llegando,0.006745717459898617
contar,0.006745717459898617
tráfico,0.006745717459898617
99,0.006745717459898617
trenes,0.006745717459898617
treinta,0.006745717459898617
traía,0.006745717459898617
meses,0.006745717459898617
trato,0.006745717459898617
concesiones,0.006745717459898617
concluirlo,0.006745717459898617
transporte,0.006745717459898617
mensajes,0.006745717459898617
menor,0.006745717459898617
trabajando,0.006745717459898617
mencioné,0.006745717459898617
trabajaba,0.006745717459898617
trabaja,0.006745717459898617
trescientos,0.006745717459898617
compra,0.006745717459898617
torturados,0.006745717459898617
nunca,0.006745717459898617
universidades,0.006745717459898617
nuestras,0.006745717459898617
minutos,0.006745717459898617
universal,0.006745717459898617
coatzacoalcos,0.006745717459898617
acto,0.006745717459898617
unidades,0.006745717459898617
coincide,0.006745717459898617
colosales,0.006745717459898617
una,0.006745717459898617
combustible,0.006745717459898617
actual,0.006745717459898617
comisión,0.006745717459898617
turismo,0.006745717459898617
abajo,0.006745717459898617
totalmente,0.006745717459898617
conservador,0.006745717459898617
ciudades,0.006745717459898617
maíz,0.006745717459898617
terminó,0.006745717459898617
convenios,0.006745717459898617
oficio,0.006745717459898617
200,0.006745717459898617
acumulado,0.006745717459898617
olegario,0.006745717459898617
terminadas,0.006745717459898617
olmeca,0.006745717459898617
olmecas,0.006745717459898617
tercera,0.006745717459898617
acusaba,0.006745717459898617
2000,0.006745717459898617
corresponde,0.006745717459898617
corte,0.006745717459898617
tengan,0.006745717459898617
terreno,0.006745717459898617
texto,0.006745717459898617
mejores,0.006745717459898617
mañana,0.006745717459898617
consideración,0.006745717459898617
mejorando,0.006745717459898617
observar,0.006745717459898617
tomando,0.006745717459898617
consolidando,0.006745717459898617
megafarmacia,0.006745717459898617
construyó,0.006745717459898617
18,0.006745717459898617
contacto,0.006745717459898617
tocó,0.006745717459898617
contando,0.006745717459898617
pasará,0.006745717459898617
media,0.006745717459898617
contra,0.006745717459898617
tiempos,0.006745717459898617
misiones,0.006745717459898617
ciudadanía,0.006745717459898617
cosa,0.006745717459898617
ayudar,0.006745717459898617
víctima,0.006745717459898617
municipal,0.006745717459898617
blanco,0.006745717459898617
vámonos,0.006745717459898617
bocas,0.006745717459898617
vuelven,0.006745717459898617
votos,0.006745717459898617
votar,0.006745717459898617
buques,0.006745717459898617
muestra,0.006745717459898617
cabezas,0.006745717459898617
vistes,0.006745717459898617
aviación,0.006745717459898617
muchísimo,0.006745717459898617
calderón,0.006745717459898617
yacimientos,0.006745717459898617
bienes,0.006745717459898617
calle,0.006745717459898617
ayude,0.006745717459898617
nación,0.006745717459898617
último,0.006745717459898617
azcárraga,0.006745717459898617
íntegros,0.006745717459898617
éste,0.006745717459898617
banco,0.006745717459898617
nadie,0.006745717459898617
acabo,0.006745717459898617
método,0.006745717459898617
médicas,0.006745717459898617
bastante,0.006745717459898617
ámbito,0.006745717459898617
bellas,0.006745717459898617
zona,0.006745717459898617
yo,0.006745717459898617
calendario,0.006745717459898617
violencia,0.006745717459898617
nuestra,0.006745717459898617
cedidas,0.006745717459898617
momia,0.006745717459898617
cercana,0.006745717459898617
molinos,0.006745717459898617
vayan,0.006745717459898617
chiapas,0.006745717459898617
12,0.006745717459898617
chontalpa,0.006745717459898617
13,0.006745717459898617
abasto,0.006745717459898617
cierto,0.006745717459898617
usumacinta,0.006745717459898617
cifras,0.006745717459898617
usar,0.006745717459898617
noticias,0.006745717459898617
citó,0.006745717459898617
ceibas,0.006745717459898617
vemos,0.006745717459898617
calumnia,0.006745717459898617
cauces,0.006745717459898617
mucha,0.006745717459898617
nietos,0.006745717459898617
cambias,0.006745717459898617
ninguna,0.006745717459898617
ninguno,0.006745717459898617
avanzando,0.006745717459898617
campos,0.006745717459898617
victoria,0.006745717459898617
cantidad,0.006745717459898617
caoba,0.006745717459898617
montiel,0.006745717459898617
veracruz,0.006745717459898617
casos,0.006745717459898617
venta,0.006745717459898617
venido,0.006745717459898617
olvida,0.006745717459898617
hectáreas,0.006745717459898617
partes,0.006745717459898617
tarjeta,0.006745717459898617
tanto,0.006745717459898617
lluvia,0.006745717459898617
deshonestos,0.006745717459898617
siglos,0.006745717459898617
manejo,0.006745717459898617
tareas,0.006745717459898617
siglo,0.006745717459898617
cubre,0.006745717459898617
situación,0.006745717459898617
te,0.006745717459898617
administración,0.006745717459898617
atender,0.006745717459898617
darle,0.006745717459898617
2021,0.006745717459898617
debe,0.006745717459898617
lodo,0.006745717459898617
cultura,0.006745717459898617
tampoco,0.006745717459898617
decidimos,0.006745717459898617
sábado,0.006745717459898617
desaparición,0.006745717459898617
2018,0.006745717459898617
llevado,0.006745717459898617
orgullo,0.006745717459898617
desarrollado,0.006745717459898617
asegurados,0.006745717459898617
malinterpretar,0.006745717459898617
desbordamiento,0.006745717459898617
adversarios,0.006745717459898617
aerolínea,0.006745717459898617
llenas,0.006745717459898617
daba,0.006745717459898617
llevando,0.006745717459898617
tal,0.006745717459898617
cumpliendo,0.006745717459898617
organismos,0.006745717459898617
decide,0.006745717459898617
paradójicamente,0.006745717459898617
otro,0.006745717459898617
democracia,0.006745717459898617
27,0.006745717459898617
asegurar,0.006745717459898617
crespo,0.006745717459898617
dejan,0.006745717459898617
litro,0.006745717459898617
tema,0.006745717459898617
diciembre,0.006745717459898617
28,0.006745717459898617
pasajeros,0.006745717459898617
crecimiento,0.006745717459898617
dejar,0.006745717459898617
pago,0.006745717459898617
delictiva,0.006745717459898617
limpias,0.006745717459898617
palabra,0.006745717459898617
limpiar,0.006745717459898617
88,0.006745717459898617
despliega,0.006745717459898617
2019,0.006745717459898617
cualquier,0.006745717459898617
particular,0.006745717459898617
después,0.006745717459898617
logró,0.006745717459898617
asesor,0.006745717459898617
decirles,0.006745717459898617
sexenios,0.006745717459898617
paneen,0.0033728587299493083
papá,0.0033728587299493083
parada,0.0033728587299493083
posibilidad,0.0033728587299493083
abril,0.0033728587299493083
niños,0.0033728587299493083
paraíso,0.0033728587299493083
78,0.0033728587299493083
nivelito,0.0033728587299493083
niño,0.0033728587299493083
abogados,0.0033728587299493083
74,0.0033728587299493083
peones,0.0033728587299493083
paralelos,0.0033728587299493083
poner,0.0033728587299493083
palacio,0.0033728587299493083
panza,0.0033728587299493083
noble,0.0033728587299493083
93,0.0033728587299493083
niñas,0.0033728587299493083
noche,0.0033728587299493083
ponerlo,0.0033728587299493083
niveles,0.0033728587299493083
pidiendo,0.0033728587299493083
abuelo,0.0033728587299493083
87,0.0033728587299493083
potencia,0.0033728587299493083
89,0.0033728587299493083
potencialidades,0.0033728587299493083
potentado,0.0033728587299493083
necesidad,0.0033728587299493083
necesario,0.0033728587299493083
parís,0.0033728587299493083
necesaria,0.0033728587299493083
predecibles,0.0033728587299493083
pasa,0.0033728587299493083
pasaba,0.0033728587299493083
naturaleza,0.0033728587299493083
predominara,0.0033728587299493083
preferencia,0.0033728587299493083
narcomenudeo,0.0033728587299493083
886,0.0033728587299493083
pastal,0.0033728587299493083
acaba,0.0033728587299493083
preocupe,0.0033728587299493083
paso,0.0033728587299493083
preocupen,0.0033728587299493083
participantes,0.0033728587299493083
pedazo,0.0033728587299493083
pensamiento,0.0033728587299493083
pedimos,0.0033728587299493083
posibilidades,0.0033728587299493083
902,0.0033728587299493083
pensado,0.0033728587299493083
posiblemente,0.0033728587299493083
abuso,0.0033728587299493083
parten,0.0033728587299493083
pena,0.0033728587299493083
posibles,0.0033728587299493083
90,0.0033728587299493083
pellicer,0.0033728587299493083
neoliberales,0.0033728587299493083
negar,0.0033728587299493083
necesitar,0.0033728587299493083
necesitaba,0.0033728587299493083
peligrosos,0.0033728587299493083
peligro,0.0033728587299493083
positivo,0.0033728587299493083
pelearon,0.0033728587299493083
pedir,0.0033728587299493083
positivos,0.0033728587299493083
posteriormente,0.0033728587299493083
nombre,0.0033728587299493083
periodismo,0.0033728587299493083
peores,0.0033728587299493083
86,0.0033728587299493083
petrolero,0.0033728587299493083
petrolera,0.0033728587299493083
planicie,0.0033728587299493083
petrificado,0.0033728587299493083
petición,0.0033728587299493083
plano,0.0033728587299493083
800,0.0033728587299493083
opositores,0.0033728587299493083
85,0.0033728587299493083
oficiales,0.0033728587299493083
opresores,0.0033728587299493083
ocupando,0.0033728587299493083
ocupa,0.0033728587299493083
plantean,0.0033728587299493083
octavio,0.0033728587299493083
pescuezo,0.0033728587299493083
plataformas,0.0033728587299493083
pesar,0.0033728587299493083
pertenecen,0.0033728587299493083
ocho,0.0033728587299493083
platico,0.0033728587299493083
obteniendo,0.0033728587299493083
optimismo,0.0033728587299493083
planeado,0.0033728587299493083
opositor,0.0033728587299493083
84,0.0033728587299493083
opiniones,0.0033728587299493083
pie,0.0033728587299493083
operación,0.0033728587299493083
piedras,0.0033728587299493083
operativo,0.0033728587299493083
piensan,0.0033728587299493083
pide,0.0033728587299493083
operativos,0.0033728587299493083
pienso,0.0033728587299493083
pierde,0.0033728587299493083
opere,0.0033728587299493083
picada,0.0033728587299493083
oficinas,0.0033728587299493083
opinión,0.0033728587299493083
piano,0.0033728587299493083
pillaje,0.0033728587299493083
pinte,0.0033728587299493083
oficios,0.0033728587299493083
oportunidad,0.0033728587299493083
petróleos,0.0033728587299493083
pintura,0.0033728587299493083
pioneras,0.0033728587299493083
847,0.0033728587299493083
859,0.0033728587299493083
orden,0.0033728587299493083
nos,0.0033728587299493083
plástica,0.0033728587299493083
objeto,0.0033728587299493083
79,0.0033728587299493083
políticas,0.0033728587299493083
números,0.0033728587299493083
orquestado,0.0033728587299493083
orígenes,0.0033728587299493083
periodística,0.0033728587299493083
abandonadas,0.0033728587299493083
964,0.0033728587299493083
abandono,0.0033728587299493083
político,0.0033728587299493083
onu,0.0033728587299493083
96,0.0033728587299493083
paciente,0.0033728587299493083
padecí,0.0033728587299493083
padres,0.0033728587299493083
pagaba,0.0033728587299493083
ponen,0.0033728587299493083
pagando,0.0033728587299493083
abastecidas,0.0033728587299493083
pagar,0.0033728587299493083
pagaremos,0.0033728587299493083
pakal,0.0033728587299493083
periódicos,0.0033728587299493083
orilla,0.0033728587299493083
998,0.0033728587299493083
observan,0.0033728587299493083
población,0.0033728587299493083
ordenar,0.0033728587299493083
podamos,0.0033728587299493083
80,0.0033728587299493083
organizada,0.0033728587299493083
poderles,0.0033728587299493083
podido,0.0033728587299493083
observando,0.0033728587299493083
podría,0.0033728587299493083
podía,0.0033728587299493083
podían,0.0033728587299493083
993,0.0033728587299493083
permitirnos,0.0033728587299493083
observamos,0.0033728587299493083
organizo,0.0033728587299493083
policial,0.0033728587299493083
observa,0.0033728587299493083
obreros,0.0033728587299493083
permisos,0.0033728587299493083
permanecen,0.0033728587299493083
obregón,0.0033728587299493083
perjudicaba,0.0033728587299493083
pasemos,0.0033728587299493083
aéreos,0.0033728587299493083
prepa,0.0033728587299493083
tantas,0.0033728587299493083
teléfonos,0.0033728587299493083
teléfono,0.0033728587299493083
televisora,0.0033728587299493083
tehuantepec,0.0033728587299493083
tecnócratas,0.0033728587299493083
techados,0.0033728587299493083
techadas,0.0033728587299493083
tardó,0.0033728587299493083
tapón,0.0033728587299493083
taponeando,0.0033728587299493083
2016,0.0033728587299493083
temprano,0.0033728587299493083
tacotalpa,0.0033728587299493083
tablas,0.0033728587299493083
sólida,0.0033728587299493083
202,0.0033728587299493083
sustituyendo,0.0033728587299493083
sustituirnos,0.0033728587299493083
sustituir,0.0033728587299493083
sustancias,0.0033728587299493083
sustancialmente,0.0033728587299493083
surge,0.0033728587299493083
temas,0.0033728587299493083
tendiendo,0.0033728587299493083
73,0.0033728587299493083
terminemos,0.0033728587299493083
tocado,0.0033728587299493083
tizna,0.0033728587299493083
tiraba,0.0033728587299493083
tira,0.0033728587299493083
1997,0.0033728587299493083
1º,0.0033728587299493083
testigos,0.0033728587299493083
territoriales,0.0033728587299493083
terrestres,0.0033728587299493083
termines,0.0033728587299493083
terminaron,0.0033728587299493083
tendrá,0.0033728587299493083
terminarla,0.0033728587299493083
terminando,0.0033728587299493083
terminamos,0.0033728587299493083
termina,0.0033728587299493083
terceras,0.0033728587299493083
teníamos,0.0033728587299493083
tengamos,0.0033728587299493083
tenerlos,0.0033728587299493083
2007,0.0033728587299493083
tendrán,0.0033728587299493083
supuestos,0.0033728587299493083
supuesto,0.0033728587299493083
supuestamente,0.0033728587299493083
siguen,0.0033728587299493083
222,0.0033728587299493083
sitio,0.0033728587299493083
sistemas,0.0033728587299493083
23,0.0033728587299493083
sirve,0.0033728587299493083
sirva,0.0033728587299493083
sincronizado,0.0033728587299493083
simulación,0.0033728587299493083
simple,0.0033728587299493083
24,0.0033728587299493083
sigue,0.0033728587299493083
supiera,0.0033728587299493083
significar,0.0033728587299493083
significa,0.0033728587299493083
siga,0.0033728587299493083
246,0.0033728587299493083
248,0.0033728587299493083
sicológicos,0.0033728587299493083
sheba,0.0033728587299493083
251,0.0033728587299493083
26,0.0033728587299493083
seudointelectuales,0.0033728587299493083
socializar,0.0033728587299493083
solo,0.0033728587299493083
sonda,0.0033728587299493083
sonora,0.0033728587299493083
superávit,0.0033728587299493083
supervisión,0.0033728587299493083
sumar,0.0033728587299493083
sumamente,0.0033728587299493083
sumados,0.0033728587299493083
sumado,0.0033728587299493083
sucia,0.0033728587299493083
sucedió,0.0033728587299493083
sucederá,0.0033728587299493083
sucede,0.0033728587299493083
subían,0.0033728587299493083
subvenciones,0.0033728587299493083
subutilizadas,0.0033728587299493083
subsidios,0.0033728587299493083
subsidio,0.0033728587299493083
subir,0.0033728587299493083
subiendo,0.0033728587299493083
211,0.0033728587299493083
sostén,0.0033728587299493083
sosteniendo,0.0033728587299493083
soriana,0.0033728587299493083
183,0.0033728587299493083
160,0.0033728587299493083
150,0.0033728587299493083
verlo,0.0033728587299493083
visitando,0.0033728587299493083
visita,0.0033728587299493083
violín,0.0033728587299493083
violando,0.0033728587299493083
vine,0.0033728587299493083
vinculados,0.0033728587299493083
vinculada,0.0033728587299493083
110,0.0033728587299493083
vida,0.0033728587299493083
vestigios,0.0033728587299493083
verdaderos,0.0033728587299493083
121,0.0033728587299493083
verdad,0.0033728587299493083
116,0.0033728587299493083
venían,0.0033728587299493083
veinte,0.0033728587299493083
118,0.0033728587299493083
vehículo,0.0033728587299493083
vehiculares,0.0033728587299493083
vecinos,0.0033728587299493083
vasos,0.0033728587299493083
varias,0.0033728587299493083
vista,0.0033728587299493083
visto,0.0033728587299493083
vocero,0.0033728587299493083
volver,0.0033728587299493083
últimos,0.0033728587299493083
última,0.0033728587299493083
ética,0.0033728587299493083
ésta,0.0033728587299493083
éramos,0.0033728587299493083
épocas,0.0033728587299493083
101,0.0033728587299493083
ánimos,0.0033728587299493083
ánimo,0.0033728587299493083
ángeles,0.0033728587299493083
álvaro,0.0033728587299493083
108,0.0033728587299493083
yucatán,0.0033728587299493083
york,0.0033728587299493083
yaquis,0.0033728587299493083
109,0.0033728587299493083
vías,0.0033728587299493083
vázquez,0.0033728587299493083
volúmenes,0.0033728587299493083
volvió,0.0033728587299493083
volvería,0.0033728587299493083
120,0.0033728587299493083
utilizar,0.0033728587299493083
toluca,0.0033728587299493083
trajeron,0.0033728587299493083
134,0.0033728587299493083
138,0.0033728587299493083
tratándose,0.0033728587299493083
tratando,0.0033728587299493083
tratamiento,0.0033728587299493083
trasmitían,0.0033728587299493083
traslado,0.0033728587299493083
transportes,0.0033728587299493083
transmití,0.0033728587299493083
transmisión,0.0033728587299493083
tradicionales,0.0033728587299493083
usted,0.0033728587299493083
15,0.0033728587299493083
trabajar,0.0033728587299493083
trabajan,0.0033728587299493083
toneladas,0.0033728587299493083
tomó,0.0033728587299493083
tomas,0.0033728587299493083
tomaron,0.0033728587299493083
tomamos,0.0033728587299493083
tomaba,0.0033728587299493083
toma,0.0033728587299493083
133,0.0033728587299493083
trozas,0.0033728587299493083
trópico,0.0033728587299493083
tubería,0.0033728587299493083
usaron,0.0033728587299493083
usamos,0.0033728587299493083
urbanos,0.0033728587299493083
urbana,0.0033728587299493083
130,0.0033728587299493083
uniéramos,0.0033728587299493083
universidad,0.0033728587299493083
universalidad,0.0033728587299493083
unilateral,0.0033728587299493083
unidos,0.0033728587299493083
unidad,0.0033728587299493083
términos,0.0033728587299493083
técnicas,0.0033728587299493083
tuvo,0.0033728587299493083
tuvieron,0.0033728587299493083
turistas,0.0033728587299493083
turbinen,0.0033728587299493083
turbinas,0.0033728587299493083
turbinaba,0.0033728587299493083
turbiedad,0.0033728587299493083
turbia,0.0033728587299493083
seudointelectual,0.0033728587299493083
sesiones,0.0033728587299493083
servidores,0.0033728587299493083
queden,0.0033728587299493083
47,0.0033728587299493083
quitar,0.0033728587299493083
quitando,0.0033728587299493083
quisieron,0.0033728587299493083
quinto,0.0033728587299493083
quieren,0.0033728587299493083
quiera,0.0033728587299493083
querían,0.0033728587299493083
querido,0.0033728587299493083
quedó,0.0033728587299493083
queda,0.0033728587299493083
próximos,0.0033728587299493083
482,0.0033728587299493083
públicas,0.0033728587299493083
pusimos,0.0033728587299493083
puesta,0.0033728587299493083
511,0.0033728587299493083
53,0.0033728587299493083
559,0.0033728587299493083
pueda,0.0033728587299493083
577,0.0033728587299493083
pudieron,0.0033728587299493083
quiénes,0.0033728587299493083
465,0.0033728587299493083
químicas,0.0033728587299493083
ramal,0.0033728587299493083
recorrí,0.0033728587299493083
recordando,0.0033728587299493083
reconocimiento,0.0033728587299493083
reconocerlo,0.0033728587299493083
reconciliación,0.0033728587299493083
recomendación,0.0033728587299493083
reclutando,0.0033728587299493083
recibía,0.0033728587299493083
recibirán,0.0033728587299493083
recibir,0.0033728587299493083
recibiendo,0.0033728587299493083
reciben,0.0033728587299493083
reciban,0.0033728587299493083
recaía,0.0033728587299493083
reanudación,0.0033728587299493083
realmente,0.0033728587299493083
realizar,0.0033728587299493083
realizada,0.0033728587299493083
realiza,0.0033728587299493083
463,0.0033728587299493083
raña,0.0033728587299493083
publicitaria,0.0033728587299493083
próximamente,0.0033728587299493083
recuperado,0.0033728587299493083
67,0.0033728587299493083
principalmente,0.0033728587299493083
primor,0.0033728587299493083
primeras,0.0033728587299493083
620,0.0033728587299493083
primer,0.0033728587299493083
primaria,0.0033728587299493083
prian,0.0033728587299493083
63,0.0033728587299493083
64,0.0033728587299493083
642,0.0033728587299493083
presidenta,0.0033728587299493083
próxima,0.0033728587299493083
presidencialismo,0.0033728587299493083
presidencial,0.0033728587299493083
presidencia,0.0033728587299493083
presentándose,0.0033728587299493083
presentes,0.0033728587299493083
presente,0.0033728587299493083
presentaron,0.0033728587299493083
presentar,0.0033728587299493083
presentamos,0.0033728587299493083
69,0.0033728587299493083
principios,0.0033728587299493083
prioridad,0.0033728587299493083
privatizar,0.0033728587299493083
privatizó,0.0033728587299493083
pruebas,0.0033728587299493083
protocolos,0.0033728587299493083
protocolo,0.0033728587299493083
protestas,0.0033728587299493083
protegidos,0.0033728587299493083
proteger,0.0033728587299493083
prosperidad,0.0033728587299493083
propósitos,0.0033728587299493083
propio,0.0033728587299493083
propaganda,0.0033728587299493083
pronto,0.0033728587299493083
promover,0.0033728587299493083
promedio,0.0033728587299493083
prohibir,0.0033728587299493083
600,0.0033728587299493083
62,0.0033728587299493083
profundizar,0.0033728587299493083
profunda,0.0033728587299493083
producción,0.0033728587299493083
procedimientos,0.0033728587299493083
problemas,0.0033728587299493083
recuperación,0.0033728587299493083
recuperados,0.0033728587299493083
servicios,0.0033728587299493083
saberlo,0.0033728587299493083
salió,0.0033728587299493083
salida,0.0033728587299493083
salga,0.0033728587299493083
sale,0.0033728587299493083
salarios,0.0033728587299493083
salarial,0.0033728587299493083
sagradas,0.0033728587299493083
sacar,0.0033728587299493083
sacado,0.0033728587299493083
sabían,0.0033728587299493083
saber,0.0033728587299493083
revista,0.0033728587299493083
403,0.0033728587299493083
ríe,0.0033728587299493083
ruiz,0.0033728587299493083
roma,0.0033728587299493083
robots,0.0033728587299493083
414,0.0033728587299493083
robarse,0.0033728587299493083
robado,0.0033728587299493083
riendas,0.0033728587299493083
riego,0.0033728587299493083
saludo,0.0033728587299493083
sandoval,0.0033728587299493083
santa,0.0033728587299493083
saqueadores,0.0033728587299493083
servicio,0.0033728587299493083
sepan,0.0033728587299493083
sentimos,0.0033728587299493083
senadores,0.0033728587299493083
selva,0.0033728587299493083
selecto,0.0033728587299493083
281,0.0033728587299493083
seguros,0.0033728587299493083
288,0.0033728587299493083
29,0.0033728587299493083
segunda,0.0033728587299493083
seguiremos,0.0033728587299493083
seguimiento,0.0033728587299493083
317,0.0033728587299493083
secuestro,0.0033728587299493083
sector,0.0033728587299493083
333,0.0033728587299493083
secretaria,0.0033728587299493083
sean,0.0033728587299493083
36,0.0033728587299493083
saqueo,0.0033728587299493083
reír,0.0033728587299493083
revisión,0.0033728587299493083
recurrir,0.0033728587299493083
registraron,0.0033728587299493083
renaciendo,0.0033728587299493083
relación,0.0033728587299493083
relaciones,0.0033728587299493083
reivindicar,0.0033728587299493083
reivindicación,0.0033728587299493083
rehabilitar,0.0033728587299493083
regresó,0.0033728587299493083
regresando,0.0033728587299493083
regresaba,0.0033728587299493083
registró,0.0033728587299493083
registran,0.0033728587299493083
reuniones,0.0033728587299493083
registramos,0.0033728587299493083
registrados,0.0033728587299493083
regiones,0.0033728587299493083
regionales,0.0033728587299493083
regalo,0.0033728587299493083
nacionales,0.0033728587299493083
reflexión,0.0033728587299493083
reflejan,0.0033728587299493083
refiero,0.0033728587299493083
reducir,0.0033728587299493083
renovar,0.0033728587299493083
renovó,0.0033728587299493083
repartieran,0.0033728587299493083
repartir,0.0033728587299493083
reumático,0.0033728587299493083
retroceso,0.0033728587299493083
retomo,0.0033728587299493083
reto,0.0033728587299493083
434,0.0033728587299493083
resuelven,0.0033728587299493083
restaurant,0.0033728587299493083
responsable,0.0033728587299493083
respeten,0.0033728587299493083
resolver,0.0033728587299493083
resolvemos,0.0033728587299493083
resistan,0.0033728587299493083
resguardo,0.0033728587299493083
reservas,0.0033728587299493083
resalta,0.0033728587299493083
república,0.0033728587299493083
repuntó,0.0033728587299493083
represión,0.0033728587299493083
representante,0.0033728587299493083
repitieron,0.0033728587299493083
repetir,0.0033728587299493083
reformó,0.0033728587299493083
listo,0.0033728587299493083
acabar,0.0033728587299493083
depender,0.0033728587299493083
desaparezcan,0.0033728587299493083
desaparezca,0.0033728587299493083
desaparecidos,0.0033728587299493083
desafío,0.0033728587299493083
derrames,0.0033728587299493083
derivado,0.0033728587299493083
derechos,0.0033728587299493083
derechohabientes,0.0033728587299493083
aseguramiento,0.0033728587299493083
depositar,0.0033728587299493083
deportados,0.0033728587299493083
dentro,0.0033728587299493083
devuelve,0.0033728587299493083
demás,0.0033728587299493083
demuestras,0.0033728587299493083
demostraron,0.0033728587299493083
demoró,0.0033728587299493083
democrático,0.0033728587299493083
demarcaciones,0.0033728587299493083
aseguramientos,0.0033728587299493083
delincuentes,0.0033728587299493083
delincuencia,0.0033728587299493083
delegado,0.0033728587299493083
dejó,0.0033728587299493083
desarrolla,0.0033728587299493083
desarrollan,0.0033728587299493083
desazolvado,0.0033728587299493083
desbordó,0.0033728587299493083
detonan,0.0033728587299493083
detonadores,0.0033728587299493083
deterioran,0.0033728587299493083
deteniendo,0.0033728587299493083
detenidos,0.0033728587299493083
detener,0.0033728587299493083
destinaron,0.0033728587299493083
destinados,0.0033728587299493083
destacamos,0.0033728587299493083
desprestigian,0.0033728587299493083
desprendidos,0.0033728587299493083
desplegado,0.0033728587299493083
despacho,0.0033728587299493083
desmontar,0.0033728587299493083
desmantelar,0.0033728587299493083
deslavando,0.0033728587299493083
deshonestidad,0.0033728587299493083
deseos,0.0033728587299493083
deseo,0.0033728587299493083
desembocadura,0.0033728587299493083
descubrieron,0.0033728587299493083
descanse,0.0033728587299493083
desbrozando,0.0033728587299493083
dejen,0.0033728587299493083
dejemos,0.0033728587299493083
dejarse,0.0033728587299493083
cámaras,0.0033728587299493083
aspectos,0.0033728587299493083
cuál,0.0033728587299493083
cumplió,0.0033728587299493083
cumplirían,0.0033728587299493083
cumplido,0.0033728587299493083
cumple,0.0033728587299493083
cumplan,0.0033728587299493083
culturas,0.0033728587299493083
cuestión,0.0033728587299493083
cuestiones,0.0033728587299493083
cuestionando,0.0033728587299493083
cuestionamientos,0.0033728587299493083
cuestionaba,0.0033728587299493083
asuntos,0.0033728587299493083
cuello,0.0033728587299493083
cubierto,0.0033728587299493083
ataquen,0.0033728587299493083
cuantos,0.0033728587299493083
atravesadas,0.0033728587299493083
atreve,0.0033728587299493083
cuadrados,0.0033728587299493083
criterio,0.0033728587299493083
atribuye,0.0033728587299493083
cámara,0.0033728587299493083
aspecto,0.0033728587299493083
deja,0.0033728587299493083
cínicos,0.0033728587299493083
definió,0.0033728587299493083
defendiendo,0.0033728587299493083
defendernos,0.0033728587299493083
defender,0.0033728587299493083
dedicamos,0.0033728587299493083
decían,0.0033728587299493083
decretó,0.0033728587299493083
asesinaron,0.0033728587299493083
decirlo,0.0033728587299493083
decidió,0.0033728587299493083
decidir,0.0033728587299493083
decidiera,0.0033728587299493083
debería,0.0033728587299493083
asignado,0.0033728587299493083
datos,0.0033728587299493083
dato,0.0033728587299493083
data,0.0033728587299493083
asimismo,0.0033728587299493083
daniel,0.0033728587299493083
dan,0.0033728587299493083
dado,0.0033728587299493083
asistencia,0.0033728587299493083
asistidas,0.0033728587299493083
deudas,0.0033728587299493083
diarios,0.0033728587299493083
nacajuca,0.0033728587299493083
aproximadamente,0.0033728587299493083
empezara,0.0033728587299493083
empezar,0.0033728587299493083
empezando,0.0033728587299493083
empecé,0.0033728587299493083
embargo,0.0033728587299493083
embarcarse,0.0033728587299493083
embarcaciones,0.0033728587299493083
embalses,0.0033728587299493083
ello,0.0033728587299493083
eliminando,0.0033728587299493083
elija,0.0033728587299493083
elegirlos,0.0033728587299493083
dictadura,0.0033728587299493083
elefante,0.0033728587299493083
electrodomésticos,0.0033728587299493083
electoral,0.0033728587299493083
el,0.0033728587299493083
ejidales,0.0033728587299493083
ejercerlos,0.0033728587299493083
eficiente,0.0033728587299493083
edén,0.0033728587299493083
educativo,0.0033728587299493083
edita,0.0033728587299493083
edificios,0.0033728587299493083
empezaron,0.0033728587299493083
empieza,0.0033728587299493083
emprendan,0.0033728587299493083
empujarlo,0.0033728587299493083
entrega,0.0033728587299493083
entrando,0.0033728587299493083
entidad,0.0033728587299493083
entere,0.0033728587299493083
enriquecen,0.0033728587299493083
enojo,0.0033728587299493083
enojar,0.0033728587299493083
enojan,0.0033728587299493083
enlaces,0.0033728587299493083
engañaron,0.0033728587299493083
engañar,0.0033728587299493083
engañados,0.0033728587299493083
engañada,0.0033728587299493083
enfoque,0.0033728587299493083
enfocada,0.0033728587299493083
aprovechamiento,0.0033728587299493083
endeudado,0.0033728587299493083
encuestas,0.0033728587299493083
encuentro,0.0033728587299493083
encuentran,0.0033728587299493083
encontramos,0.0033728587299493083
encargos,0.0033728587299493083
encargo,0.0033728587299493083
edad,0.0033728587299493083
económicos,0.0033728587299493083
económicas,0.0033728587299493083
distritos,0.0033728587299493083
distribución,0.0033728587299493083
distinto,0.0033728587299493083
distintas,0.0033728587299493083
distinción,0.0033728587299493083
disponibles,0.0033728587299493083
dispersión,0.0033728587299493083
disparidades,0.0033728587299493083
disfrute,0.0033728587299493083
discapacitados,0.0033728587299493083
arrastrando,0.0033728587299493083
dirigen,0.0033728587299493083
directivos,0.0033728587299493083
directa,0.0033728587299493083
arte,0.0033728587299493083
dimos,0.0033728587299493083
dimensiones,0.0033728587299493083
dijeron,0.0033728587299493083
artificial,0.0033728587299493083
asegurado,0.0033728587299493083
digan,0.0033728587299493083
difusión,0.0033728587299493083
diferenciar,0.0033728587299493083
dieron,0.0033728587299493083
distribuir,0.0033728587299493083
división,0.0033728587299493083
económica,0.0033728587299493083
diálogo,0.0033728587299493083
economistas,0.0033728587299493083
echan,0.0033728587299493083
echado,0.0033728587299493083
echaba,0.0033728587299493083
dóriga,0.0033728587299493083
aquel,0.0033728587299493083
aquellos,0.0033728587299493083
décadas,0.0033728587299493083
duró,0.0033728587299493083
duplicar,0.0033728587299493083
duplicando,0.0033728587299493083
ductos,0.0033728587299493083
ducto,0.0033728587299493083
draga,0.0033728587299493083
armadas,0.0033728587299493083
dormir,0.0033728587299493083
armas,0.0033728587299493083
armonía,0.0033728587299493083
domingo,0.0033728587299493083
arqueológicas,0.0033728587299493083
doctrina,0.0033728587299493083
doble,0.0033728587299493083
dn,0.0033728587299493083
creían,0.0033728587299493083
cresencio,0.0033728587299493083
creencia,0.0033728587299493083
causa,0.0033728587299493083
chontales,0.0033728587299493083
chontal,0.0033728587299493083
chicago,0.0033728587299493083
cheque,0.0033728587299493083
charola,0.0033728587299493083
chalco,0.0033728587299493083
cerebro,0.0033728587299493083
cepillar,0.0033728587299493083
auténtica,0.0033728587299493083
ceiba,0.0033728587299493083
cayendo,0.0033728587299493083
cauce,0.0033728587299493083
creen,0.0033728587299493083
castigar,0.0033728587299493083
auténticos,0.0033728587299493083
autónomos,0.0033728587299493083
carne,0.0033728587299493083
avancemos,0.0033728587299493083
avances,0.0033728587299493083
cargada,0.0033728587299493083
cara,0.0033728587299493083
capaz,0.0033728587299493083
capaces,0.0033728587299493083
candidatura,0.0033728587299493083
chulear,0.0033728587299493083
cielo,0.0033728587299493083
autorizó,0.0033728587299493083
ciertas,0.0033728587299493083
comete,0.0033728587299493083
comentar,0.0033728587299493083
combatimos,0.0033728587299493083
combate,0.0033728587299493083
colonias,0.0033728587299493083
cocaína,0.0033728587299493083
cobrando,0.0033728587299493083
cobra,0.0033728587299493083
club,0.0033728587299493083
clima,0.0033728587299493083
clientes,0.0033728587299493083
clases,0.0033728587299493083
claro,0.0033728587299493083
civilizaciones,0.0033728587299493083
autoritarismo,0.0033728587299493083
cirugía,0.0033728587299493083
circunstancias,0.0033728587299493083
circuito,0.0033728587299493083
cipriano,0.0033728587299493083
cine,0.0033728587299493083
autorizara,0.0033728587299493083
cimentado,0.0033728587299493083
cifra,0.0033728587299493083
avanzado,0.0033728587299493083
cancelen,0.0033728587299493083
campeche,0.0033728587299493083
bimestrales,0.0033728587299493083
bienvenido,0.0033728587299493083
benito,0.0033728587299493083
beneficiarios,0.0033728587299493083
beneficiando,0.0033728587299493083
beneficia,0.0033728587299493083
belén,0.0033728587299493083
bellísimos,0.0033728587299493083
bellos,0.0033728587299493083
bautizo,0.0033728587299493083
bautista,0.0033728587299493083
basificar,0.0033728587299493083
basificados,0.0033728587299493083
bases,0.0033728587299493083
barreras,0.0033728587299493083
barra,0.0033728587299493083
barata,0.0033728587299493083
bancos,0.0033728587299493083
balasto,0.0033728587299493083
bajar,0.0033728587299493083
bajaban,0.0033728587299493083
baile,0.0033728587299493083
aún,0.0033728587299493083
azolvados,0.0033728587299493083
bimestral,0.0033728587299493083
bimestralmente,0.0033728587299493083
camino,0.0033728587299493083
bimestres,0.0033728587299493083
caminar,0.0033728587299493083
cambios,0.0033728587299493083
cambio,0.0033728587299493083
cambiar,0.0033728587299493083
camarógrafos,0.0033728587299493083
calor,0.0033728587299493083
callaron,0.0033728587299493083
avenidas,0.0033728587299493083
caer,0.0033728587299493083
cae,0.0033728587299493083
caciquismo,0.0033728587299493083
búsqueda,0.0033728587299493083
buscó,0.0033728587299493083
buscando,0.0033728587299493083
buenísima,0.0033728587299493083
ayotzinapa,0.0033728587299493083
ayuda,0.0033728587299493083
buenavista,0.0033728587299493083
brutal,0.0033728587299493083
bonita,0.0033728587299493083
bombardeo,0.0033728587299493083
bodegas,0.0033728587299493083
bloque,0.0033728587299493083
cometió,0.0033728587299493083
comienzo,0.0033728587299493083
comparado,0.0033728587299493083
convierten,0.0033728587299493083
conviertan,0.0033728587299493083
conviene,0.0033728587299493083
convertirse,0.0033728587299493083
convertir,0.0033728587299493083
convenía,0.0033728587299493083
convencido,0.0033728587299493083
convencer,0.0033728587299493083
controlan,0.0033728587299493083
controladas,0.0033728587299493083
contribuir,0.0033728587299493083
contrataran,0.0033728587299493083
contratar,0.0033728587299493083
contratada,0.0033728587299493083
continúa,0.0033728587299493083
continuar,0.0033728587299493083
contestado,0.0033728587299493083
contentos,0.0033728587299493083
contenido,0.0033728587299493083
contendiente,0.0033728587299493083
contarles,0.0033728587299493083
contaminante,0.0033728587299493083
consultar,0.0033728587299493083
consulta,0.0033728587299493083
convierte,0.0033728587299493083
convirtió,0.0033728587299493083
construyendo,0.0033728587299493083
convocaron,0.0033728587299493083
cree,0.0033728587299493083
creciera,0.0033728587299493083
crear,0.0033728587299493083
creando,0.0033728587299493083
creador,0.0033728587299493083
creación,0.0033728587299493083
crea,0.0033728587299493083
costó,0.0033728587299493083
costumbres,0.0033728587299493083
costas,0.0033728587299493083
cortines,0.0033728587299493083
cortes,0.0033728587299493083
cortaba,0.0033728587299493083
austeridad,0.0033728587299493083
correspondiente,0.0033728587299493083
corresponden,0.0033728587299493083
correlación,0.0033728587299493083
corredor,0.0033728587299493083
coordinan,0.0033728587299493083
coordinador,0.0033728587299493083
coordinado,0.0033728587299493083
coordinación,0.0033728587299493083
coordina,0.0033728587299493083
construían,0.0033728587299493083
construir,0.0033728587299493083
comparen,0.0033728587299493083
condiciones,0.0033728587299493083
conciertos,0.0033728587299493083
concientización,0.0033728587299493083
conciencia,0.0033728587299493083
concibió,0.0033728587299493083
concentrados,0.0033728587299493083
concentrado,0.0033728587299493083
concediéndoles,0.0033728587299493083
comunidades,0.0033728587299493083
comunicar,0.0033728587299493083
comunicaciones,0.0033728587299493083
compromisos,0.0033728587299493083
autoridades,0.0033728587299493083
comprometida,0.0033728587299493083
comprara,0.0033728587299493083
comprar,0.0033728587299493083
compramos,0.0033728587299493083
comportamiento,0.0033728587299493083
completamente,0.0033728587299493083
complemento,0.0033728587299493083
complejo,0.0033728587299493083
compitiera,0.0033728587299493083
compensaba,0.0033728587299493083
compañías,0.0033728587299493083
concluya,0.0033728587299493083
condición,0.0033728587299493083
construcciones,0.0033728587299493083
conducir,0.0033728587299493083
constatamos,0.0033728587299493083
constantemente,0.0033728587299493083
consta,0.0033728587299493083
consigna,0.0033728587299493083
consideró,0.0033728587299493083
considero,0.0033728587299493083
consideraron,0.0033728587299493083
consideraba,0.0033728587299493083
conservadores,0.0033728587299493083
consejo,0.0033728587299493083
consciencia,0.0033728587299493083
conozcan,0.0033728587299493083
conozcamos,0.0033728587299493083
conoce,0.0033728587299493083
conjugan,0.0033728587299493083
confundir,0.0033728587299493083
confrontación,0.0033728587299493083
conformidad,0.0033728587299493083
conforme,0.0033728587299493083
conflictos,0.0033728587299493083
confiesan,0.0033728587299493083
conferencia,0.0033728587299493083
conecta,0.0033728587299493083
entregaban,0.0033728587299493083
entregamos,0.0033728587299493083
entregando,0.0033728587299493083
laguna,0.0033728587299493083
leí,0.0033728587299493083
leyera,0.0033728587299493083
letra,0.0033728587299493083
les,0.0033728587299493083
legitimaron,0.0033728587299493083
legalmente,0.0033728587299493083
legado,0.0033728587299493083
leer,0.0033728587299493083
leen,0.0033728587299493083
le,0.0033728587299493083
largo,0.0033728587299493083
lacandona,0.0033728587299493083
indicadores,0.0033728587299493083
labores,0.0033728587299493083
labastida,0.0033728587299493083
la,0.0033728587299493083
kilogramos,0.0033728587299493083
agente,0.0033728587299493083
juárez,0.0033728587299493083
juzgar,0.0033728587299493083
agradecemos,0.0033728587299493083
justa,0.0033728587299493083
jurados,0.0033728587299493083
juntos,0.0033728587299493083
afortunadamente,0.0033728587299493083
aeropuerto,0.0033728587299493083
liderada,0.0033728587299493083
limitado,0.0033728587299493083
logísticos,0.0033728587299493083
lograr,0.0033728587299493083
locales,0.0033728587299493083
local,0.0033728587299493083
lluvias,0.0033728587299493083
llevamos,0.0033728587299493083
llevaban,0.0033728587299493083
llego,0.0033728587299493083
llegaron,0.0033728587299493083
llegar,0.0033728587299493083
llegan,0.0033728587299493083
llegamos,0.0033728587299493083
llegado,0.0033728587299493083
llegaba,0.0033728587299493083
llega,0.0033728587299493083
llame,0.0033728587299493083
llamado,0.0033728587299493083
llamaban,0.0033728587299493083
liébano,0.0033728587299493083
aeronaves,0.0033728587299493083
limón,0.0033728587299493083
limpiando,0.0033728587299493083
limitar,0.0033728587299493083
juez,0.0033728587299493083
agradezco,0.0033728587299493083
agregan,0.0033728587299493083
integrantes,0.0033728587299493083
integrado,0.0033728587299493083
instrucción,0.0033728587299493083
instrucciones,0.0033728587299493083
insensatos,0.0033728587299493083
inseguridad,0.0033728587299493083
inocentes,0.0033728587299493083
inmediatamente,0.0033728587299493083
injusto,0.0033728587299493083
injusticias,0.0033728587299493083
inicié,0.0033728587299493083
inicio,0.0033728587299493083
iniciará,0.0033728587299493083
iniciamos,0.0033728587299493083
inicia,0.0033728587299493083
ini,0.0033728587299493083
ingeniería,0.0033728587299493083
informándole,0.0033728587299493083
informe,0.0033728587299493083
informarnos,0.0033728587299493083
informamos,0.0033728587299493083
inegi,0.0033728587299493083
indígena,0.0033728587299493083
industriales,0.0033728587299493083
integral,0.0033728587299493083
intelectualmente,0.0033728587299493083
juan,0.0033728587299493083
interesan,0.0033728587299493083
josé,0.0033728587299493083
jalapa,0.0033728587299493083
italiana,0.0033728587299493083
issste,0.0033728587299493083
irresponsable,0.0033728587299493083
irracional,0.0033728587299493083
irnos,0.0033728587299493083
irlos,0.0033728587299493083
ah,0.0033728587299493083
invito,0.0033728587299493083
invirtió,0.0033728587299493083
invierten,0.0033728587299493083
inversiones,0.0033728587299493083
inventando,0.0033728587299493083
inundación,0.0033728587299493083
inundaban,0.0033728587299493083
introduciéndonos,0.0033728587299493083
introduciendo,0.0033728587299493083
interés,0.0033728587299493083
interoceánico,0.0033728587299493083
internacionales,0.0033728587299493083
intereses,0.0033728587299493083
interesante,0.0033728587299493083
londres,0.0033728587299493083
loret,0.0033728587299493083
luchadores,0.0033728587299493083
monex,0.0033728587299493083
momento,0.0033728587299493083
mola,0.0033728587299493083
modificar,0.0033728587299493083
modernizarlo,0.0033728587299493083
modernización,0.0033728587299493083
mismos,0.0033728587299493083
actividad,0.0033728587299493083
misma,0.0033728587299493083
miren,0.0033728587299493083
mintiendo,0.0033728587299493083
minas,0.0033728587299493083
actos,0.0033728587299493083
miles,0.0033728587299493083
actuando,0.0033728587299493083
miguel,0.0033728587299493083
migrantes,0.0033728587299493083
mienten,0.0033728587299493083
mexicano,0.0033728587299493083
mexicanas,0.0033728587299493083
actuar,0.0033728587299493083
metros,0.0033728587299493083
metrobús,0.0033728587299493083
actúa,0.0033728587299493083
moneda,0.0033728587299493083
montados,0.0033728587299493083
mensuales,0.0033728587299493083
montejo,0.0033728587299493083
mía,0.0033728587299493083
mí,0.0033728587299493083
máxima,0.0033728587299493083
accidentes,0.0033728587299493083
máquina,0.0033728587299493083
accionar,0.0033728587299493083
museos,0.0033728587299493083
acompañan,0.0033728587299493083
mundial,0.0033728587299493083
multiplicado,0.0033728587299493083
mujer,0.0033728587299493083
muevo,0.0033728587299493083
mueven,0.0033728587299493083
aconsejándole,0.0033728587299493083
acordarme,0.0033728587299493083
movimiento,0.0033728587299493083
movieran,0.0033728587299493083
mostramos,0.0033728587299493083
morir,0.0033728587299493083
moral,0.0033728587299493083
actitud,0.0033728587299493083
monterías,0.0033728587299493083
montería,0.0033728587299493083
merecen,0.0033728587299493083
actúan,0.0033728587299493083
lucro,0.0033728587299493083
adicionales,0.0033728587299493083
maneja,0.0033728587299493083
mandar,0.0033728587299493083
mandado,0.0033728587299493083
mancha,0.0033728587299493083
malos,0.0033728587299493083
adicionalmente,0.0033728587299493083
malecones,0.0033728587299493083
administrado,0.0033728587299493083
madre,0.0033728587299493083
madrazo,0.0033728587299493083
madero,0.0033728587299493083
maderera,0.0033728587299493083
maderas,0.0033728587299493083
madera,0.0033728587299493083
adquirido,0.0033728587299493083
líneas,0.0033728587299493083
adquisitivo,0.0033728587299493083
líderes,0.0033728587299493083
lámina,0.0033728587299493083
lujosas,0.0033728587299493083
luis,0.0033728587299493083
lugares,0.0033728587299493083
adulto,0.0033728587299493083
manejar,0.0033728587299493083
maneras,0.0033728587299493083
menores,0.0033728587299493083
mango,0.0033728587299493083
mejora,0.0033728587299493083
actúen,0.0033728587299493083
mediático,0.0033728587299493083
acudan,0.0033728587299493083
medias,0.0033728587299493083
mediano,0.0033728587299493083
mañoso,0.0033728587299493083
acumula,0.0033728587299493083
mayo,0.0033728587299493083
materia,0.0033728587299493083
mateos,0.0033728587299493083
marzo,0.0033728587299493083
martha,0.0033728587299493083
marcha,0.0033728587299493083
mantuvo,0.0033728587299493083
mantiene,0.0033728587299493083
mantenían,0.0033728587299493083
mantengan,0.0033728587299493083
mano,0.0033728587299493083
manipularon,0.0033728587299493083
manipulan,0.0033728587299493083
manipuladores,0.0033728587299493083
manipuladora,0.0033728587299493083
individualismo,0.0033728587299493083
indica,0.0033728587299493083
apoyando,0.0033728587299493083
fa,0.0033728587299493083
federativa,0.0033728587299493083
antonio,0.0033728587299493083
federación,0.0033728587299493083
fecha,0.0033728587299493083
farmacias,0.0033728587299493083
anunciado,0.0033728587299493083
fango,0.0033728587299493083
familiares,0.0033728587299493083
faltan,0.0033728587299493083
falsario,0.0033728587299493083
fachadas,0.0033728587299493083
extraordinaria,0.0033728587299493083
independiente,0.0033728587299493083
anécdotas,0.0033728587299493083
extraer,0.0033728587299493083
expreso,0.0033728587299493083
expresión,0.0033728587299493083
expongo,0.0033728587299493083
explosiones,0.0033728587299493083
exploración,0.0033728587299493083
explicas,0.0033728587299493083
expertos,0.0033728587299493083
exitosa,0.0033728587299493083
existen,0.0033728587299493083
felicidad,0.0033728587299493083
felipe,0.0033728587299493083
fenómeno,0.0033728587299493083
fertilidad,0.0033728587299493083
fuertes,0.0033728587299493083
antidemocráticos,0.0033728587299493083
fuera,0.0033728587299493083
fuego,0.0033728587299493083
antier,0.0033728587299493083
fríos,0.0033728587299493083
frentes,0.0033728587299493083
frente,0.0033728587299493083
fraudes,0.0033728587299493083
franco,0.0033728587299493083
fortalecen,0.0033728587299493083
formado,0.0033728587299493083
forestales,0.0033728587299493083
fontanelli,0.0033728587299493083
fondos,0.0033728587299493083
fluviales,0.0033728587299493083
florecieron,0.0033728587299493083
flojo,0.0033728587299493083
firme,0.0033728587299493083
firmaron,0.0033728587299493083
firmado,0.0033728587299493083
financieros,0.0033728587299493083
fideicomiso,0.0033728587299493083
existe,0.0033728587299493083
excepción,0.0033728587299493083
excepcional,0.0033728587299493083
establece,0.0033728587299493083
aportaciones,0.0033728587299493083
espino,0.0033728587299493083
esperamos,0.0033728587299493083
esperado,0.0033728587299493083
especialistas,0.0033728587299493083
espacio,0.0033728587299493083
aportación,0.0033728587299493083
escrita,0.0033728587299493083
escribía,0.0033728587299493083
escribí,0.0033728587299493083
escribió,0.0033728587299493083
escribe,0.0033728587299493083
esclavizaban,0.0033728587299493083
esas,0.0033728587299493083
aportan,0.0033728587299493083
aportar,0.0033728587299493083
aportes,0.0033728587299493083
apostando,0.0033728587299493083
equivocó,0.0033728587299493083
equivocada,0.0033728587299493083
equipo,0.0033728587299493083
entregáramos,0.0033728587299493083
entregarle,0.0033728587299493083
aporta,0.0033728587299493083
establecieron,0.0033728587299493083
exagerar,0.0033728587299493083
estableció,0.0033728587299493083
exagerado,0.0033728587299493083
evaluación,0.0033728587299493083
estén,0.0033728587299493083
estás,0.0033728587299493083
apabullar,0.0033728587299493083
estábamos,0.0033728587299493083
aparatos,0.0033728587299493083
estuvo,0.0033728587299493083
estudiosos,0.0033728587299493083
estudios,0.0033728587299493083
estudio,0.0033728587299493083
estudiantes,0.0033728587299493083
estratégicas,0.0033728587299493083
estrategia,0.0033728587299493083
apartados,0.0033728587299493083
apegados,0.0033728587299493083
estemos,0.0033728587299493083
aplica,0.0033728587299493083
estatal,0.0033728587299493083
aplicaba,0.0033728587299493083
aplicación,0.0033728587299493083
aplicando,0.0033728587299493083
apliquen,0.0033728587299493083
antidemocrático,0.0033728587299493083
funcionan,0.0033728587299493083
funcionarle,0.0033728587299493083
humor,0.0033728587299493083
hospital,0.0033728587299493083
hora,0.0033728587299493083
honrados,0.0033728587299493083
honestos,0.0033728587299493083
honestidad,0.0033728587299493083
algunas,0.0033728587299493083
hombre,0.0033728587299493083
historiador,0.0033728587299493083
hipocresía,0.0033728587299493083
hidroeléctrica,0.0033728587299493083
hidrocarburos,0.0033728587299493083
allegados,0.0033728587299493083
hereditario,0.0033728587299493083
henequén,0.0033728587299493083
hayan,0.0033728587299493083
has,0.0033728587299493083
alojados,0.0033728587299493083
hagan,0.0033728587299493083
alrededor,0.0033728587299493083
hacerlo,0.0033728587299493083
alta,0.0033728587299493083
alto,0.0033728587299493083
alumbrado,0.0033728587299493083
hueso,0.0033728587299493083
huracanes,0.0033728587299493083
amigo,0.0033728587299493083
huracán,0.0033728587299493083
incrementos,0.0033728587299493083
alentando,0.0033728587299493083
incrementado,0.0033728587299493083
incorruptibles,0.0033728587299493083
inconformé,0.0033728587299493083
incluía,0.0033728587299493083
incluyendo,0.0033728587299493083
incendios,0.0033728587299493083
inauguró,0.0033728587299493083
inauguramos,0.0033728587299493083
inaugurado,0.0033728587299493083
impulsan,0.0033728587299493083
imposiciones,0.0033728587299493083
imponer,0.0033728587299493083
impide,0.0033728587299493083
impartición,0.0033728587299493083
imaginarios,0.0033728587299493083
ilícito,0.0033728587299493083
ilusiones,0.0033728587299493083
identifica,0.0033728587299493083
ideales,0.0033728587299493083
ideal,0.0033728587299493083
idea,0.0033728587299493083
americanos,0.0033728587299493083
habrá,0.0033728587299493083
fundamentales,0.0033728587299493083
gestiones,0.0033728587299493083
genes,0.0033728587299493083
generándoles,0.0033728587299493083
generándole,0.0033728587299493083
generan,0.0033728587299493083
antidemocracia,0.0033728587299493083
generada,0.0033728587299493083
gaviotas,0.0033728587299493083
gasto,0.0033728587299493083
gastando,0.0033728587299493083
gasolinerías,0.0033728587299493083
gasolineras,0.0033728587299493083
gasolina,0.0033728587299493083
garantizado,0.0033728587299493083
gane,0.0033728587299493083
ganas,0.0033728587299493083
ganaran,0.0033728587299493083
ganan,0.0033728587299493083
gana,0.0033728587299493083
gabinete,0.0033728587299493083
fórmula,0.0033728587299493083
férreas,0.0033728587299493083
fundar,0.0033728587299493083
fundamentalmente,0.0033728587299493083
anticipado,0.0033728587299493083
gira,0.0033728587299493083
hablábamos,0.0033728587299493083
gobernación,0.0033728587299493083
hablo,0.0033728587299493083
hablar,0.0033728587299493083
amigos,0.0033728587299493083
hablado,0.0033728587299493083
hablaba,0.0033728587299493083
habilitar,0.0033728587299493083
guerra,0.0033728587299493083
amparo,0.0033728587299493083
grupo,0.0033728587299493083
ampliaron,0.0033728587299493083
grave,0.0033728587299493083
andar,0.0033728587299493083
grata,0.0033728587299493083
grandeza,0.0033728587299493083
ando,0.0033728587299493083
gorgojo,0.0033728587299493083
golfo,0.0033728587299493083
goebbels,0.0033728587299493083
anfitriones,0.0033728587299493083
aniversario,0.0033728587299493083
gobierna,0.0033728587299493083
gobernábamos,0.0033728587299493083
gobernante,0.0033728587299493083
único,0.0033728587299493083
